checked_at,env,context,origin,destination,anchor_dep,anchor_ret,ok,problem,selected_dep,selected_ret,selected_price,list_min,diff,diff_pct,source_tag,selected_cells,rechecked,recovered_after_recheck
2026-09-21T14:17:18+09:00,local,probe,ICN,FUK,2026-10-13,2026-10-16,True,,2026-10-13,2026-10-16,278500,278500,0,0.0,,1,False,False
2026-09-21T14:17:18+09:00,local,probe,ICN,HND,2026-10-13,2026-10-16,True,,2026-10-13,2026-10-16,551000,551000,0,0.0,,1,False,False
2026-09-21T14:17:18+09:00,local,probe,ICN,KIX,2026-10-13,2026-10-16,True,,2026-10-13,2026-10-16,280500,280500,0,0.0,저가,1,False,False
2026-09-21T14:17:18+09:00,local,probe,ICN,NRT,2026-10-13,2026-10-16,True,,2026-10-13,2026-10-16,334051,334051,0,0.0,,1,False,False
2026-09-21T14:17:18+09:00,local,probe,ICN,CTS,2026-10-13,2026-10-16,True,,2026-10-13,2026-10-16,435664,435664,0,0.0,,1,False,False
2026-09-21T14:17:18+09:00,local,probe,ICN,NGO,2026-10-13,2026-10-16,True,,2026-10-13,2026-10-16,407200,407200,0,0.0,,1,False,False
2026-09-21T14:17:18+09:00,local,probe,ICN,OKA,2026-10-13,2026-10-16,True,,2026-10-13,2026-10-16,425100,425100,0,0.0,최저가,1,False,False
2026-09-21T14:17:18+09:00,local,probe,ICN,KOJ,2026-10-13,2026-10-16,True,,2026-10-13,2026-10-16,470900,470900,0,0.0,,1,False,False
2026-09-22T13:50:10+09:00,actions,tracker,ICN,KIX,2026-10-04,2026-10-05,True,,2026-10-04,2026-10-05,517926,517926,0,0.0,,1,False,False
2026-09-22T13:50:10+09:00,actions,tracker,ICN,KIX,2026-10-04,2026-10-12,True,,2026-10-04,2026-10-12,463400,463400,0,0.0,,1,False,False
2026-09-22T13:50:10+09:00,actions,tracker,ICN,KIX,2026-10-11,2026-10-12,True,,2026-10-11,2026-10-12,363781,363781,0,0.0,,1,False,False
2026-09-22T13:50:10+09:00,actions,tracker,ICN,KIX,2026-10-11,2026-10-19,True,,2026-10-11,2026-10-19,282720,282720,0,0.0,,1,False,False
2026-09-22T13:50:10+09:00,actions,tracker,ICN,KIX,2026-10-18,2026-10-19,True,,2026-10-18,2026-10-19,352400,352400,0,0.0,,1,False,False
2026-09-22T13:50:10+09:00,actions,tracker,ICN,KIX,2026-10-18,2026-10-26,True,,2026-10-18,2026-10-26,350437,350437,0,0.0,,1,False,False
2026-09-22T13:50:10+09:00,actions,tracker,ICN,KIX,2026-10-25,2026-10-26,True,,2026-10-25,2026-10-26,300600,300600,0,0.0,,1,False,False
2026-09-22T13:50:10+09:00,actions,tracker,ICN,KIX,2026-10-25,2026-11-02,True,,2026-10-25,2026-11-02,275600,275600,0,0.0,,1,False,False
2026-09-22T13:50:10+09:00,actions,tracker,ICN,KIX,2026-11-01,2026-11-02,True,,2026-11-01,2026-11-02,256500,256500,0,0.0,,1,False,False
2026-09-22T13:51:35+09:00,actions,tracker,ICN,FUK,2026-10-04,2026-10-05,True,,2026-10-04,2026-10-05,751000,751000,0,0.0,,1,False,False
2026-09-22T13:51:35+09:00,actions,tracker,ICN,FUK,2026-10-04,2026-10-12,True,,2026-10-04,2026-10-12,433600,433600,0,0.0,,1,False,False
2026-09-22T13:51:35+09:00,actions,tracker,ICN,FUK,2026-10-11,2026-10-12,True,,2026-10-11,2026-10-12,387000,387000,0,0.0,,1,False,False
2026-09-22T13:51:35+09:00,actions,tracker,ICN,FUK,2026-10-11,2026-10-19,True,,2026-10-11,2026-10-19,347700,347700,0,0.0,,1,False,False
2026-09-22T13:51:35+09:00,actions,tracker,ICN,FUK,2026-10-18,2026-10-19,True,,2026-10-18,2026-10-19,377700,377700,0,0.0,,1,False,False
2026-09-22T13:51:35+09:00,actions,tracker,ICN,FUK,2026-10-18,2026-10-26,True,,2026-10-18,2026-10-26,352000,352000,0,0.0,,1,False,False
2026-09-22T13:51:35+09:00,actions,tracker,ICN,FUK,2026-10-25,2026-10-26,True,,2026-10-25,2026-10-26,388600,388600,0,0.0,,1,False,False
2026-09-22T13:51:35+09:00,actions,tracker,ICN,FUK,2026-10-25,2026-11-02,True,,2026-10-25,2026-11-02,322700,322700,0,0.0,,1,False,False
2026-09-22T13:51:35+09:00,actions,tracker,ICN,FUK,2026-11-01,2026-11-02,True,,2026-11-01,2026-11-02,253108,253108,0,0.0,,1,False,False
2026-09-22T16:37:07+09:00,actions,probe,ICN,FUK,2026-10-13,2026-10-16,True,,2026-10-13,2026-10-16,285400,285400,0,0.0,,1,False,False
2026-09-22T16:37:07+09:00,actions,probe,ICN,HND,2026-10-13,2026-10-16,True,,2026-10-13,2026-10-16,539337,539337,0,0.0,,1,False,False
2026-09-22T16:37:07+09:00,actions,probe,ICN,KIX,2026-10-13,2026-10-16,True,,2026-10-13,2026-10-16,273546,273546,0,0.0,저가,1,False,False
2026-09-22T16:37:07+09:00,actions,probe,ICN,NRT,2026-10-13,2026-10-16,True,,2026-10-13,2026-10-16,327694,327694,0,0.0,,1,False,False
2026-09-22T16:37:07+09:00,actions,probe,ICN,CTS,2026-10-13,2026-10-16,True,,2026-10-13,2026-10-16,408941,408941,0,0.0,,1,False,False
2026-09-22T16:37:07+09:00,actions,probe,ICN,NGO,2026-10-13,2026-10-16,True,,2026-10-13,2026-10-16,399277,399277,0,0.0,,1,False,False
2026-09-22T16:37:07+09:00,actions,probe,ICN,OKA,2026-10-13,2026-10-16,True,,2026-10-13,2026-10-16,445400,445400,0,0.0,저가,1,False,False
2026-09-22T16:37:07+09:00,actions,probe,ICN,KOJ,2026-10-13,2026-10-16,True,,2026-10-13,2026-10-16,470800,470800,0,0.0,,1,False,False
2026-09-23T13:41:22+09:00,actions,tracker,ICN,KIX,2026-10-04,2026-10-05,True,,2026-10-04,2026-10-05,516220,516220,0,0.0,,1,False,False
2026-09-23T13:41:22+09:00,actions,tracker,ICN,KIX,2026-10-04,2026-10-12,True,,2026-10-04,2026-10-12,461800,461800,0,0.0,,1,False,False
2026-09-23T13:41:22+09:00,actions,tracker,ICN,KIX,2026-10-11,2026-10-12,True,,2026-10-11,2026-10-12,366014,366014,0,0.0,,1,False,False
2026-09-23T13:41:22+09:00,actions,tracker,ICN,KIX,2026-10-11,2026-10-19,True,,2026-10-11,2026-10-19,305450,305450,0,0.0,,1,False,False
2026-09-23T13:41:22+09:00,actions,tracker,ICN,KIX,2026-10-18,2026-10-19,True,,2026-10-18,2026-10-19,359750,359750,0,0.0,,1,False,False
2026-09-23T13:41:22+09:00,actions,tracker,ICN,KIX,2026-10-18,2026-10-26,True,,2026-10-18,2026-10-26,346800,346800,0,0.0,,1,False,False
2026-09-23T13:41:22+09:00,actions,tracker,ICN,KIX,2026-10-25,2026-10-26,True,,2026-10-25,2026-10-26,311800,311800,0,0.0,,1,False,False
2026-09-23T13:41:22+09:00,actions,tracker,ICN,KIX,2026-10-25,2026-11-02,True,,2026-10-25,2026-11-02,303304,303304,0,0.0,,1,False,False
2026-09-23T13:41:22+09:00,actions,tracker,ICN,KIX,2026-11-01,2026-11-02,True,,2026-11-01,2026-11-02,272504,272504,0,0.0,,1,False,False
2026-09-23T13:42:43+09:00,actions,tracker,ICN,FUK,2026-10-04,2026-10-05,True,,2026-10-04,2026-10-05,587300,587300,0,0.0,,1,False,False
2026-09-23T13:42:43+09:00,actions,tracker,ICN,FUK,2026-10-04,2026-10-12,True,,2026-10-04,2026-10-12,405431,405431,0,0.0,,1,False,False
2026-09-23T13:42:43+09:00,actions,tracker,ICN,FUK,2026-10-11,2026-10-12,True,,2026-10-11,2026-10-12,372931,372931,0,0.0,저가,1,False,False
2026-09-23T13:42:43+09:00,actions,tracker,ICN,FUK,2026-10-11,2026-10-19,True,,2026-10-11,2026-10-19,335187,335187,0,0.0,,1,False,False
2026-09-23T13:42:43+09:00,actions,tracker,ICN,FUK,2026-10-18,2026-10-19,True,,2026-10-18,2026-10-19,387300,387300,0,0.0,,1,False,False
2026-09-23T13:42:43+09:00,actions,tracker,ICN,FUK,2026-10-18,2026-10-26,True,,2026-10-18,2026-10-26,387300,387300,0,0.0,,1,False,False
2026-09-23T13:42:43+09:00,actions,tracker,ICN,FUK,2026-10-25,2026-10-26,True,,2026-10-25,2026-10-26,339100,339100,0,0.0,,1,False,False
2026-09-23T13:42:43+09:00,actions,tracker,ICN,FUK,2026-10-25,2026-11-02,True,,2026-10-25,2026-11-02,339100,339100,0,0.0,,1,False,False
2026-09-23T13:42:43+09:00,actions,tracker,ICN,FUK,2026-11-01,2026-11-02,True,,2026-11-01,2026-11-02,302500,302500,0,0.0,,1,False,False
2026-09-23T16:39:15+09:00,actions,probe,ICN,FUK,2026-10-13,2026-10-16,True,,2026-10-13,2026-10-16,270100,270100,0,0.0,,1,False,False
2026-09-23T16:39:15+09:00,actions,probe,ICN,HND,2026-10-13,2026-10-16,True,,2026-10-13,2026-10-16,540014,540014,0,0.0,,1,False,False
2026-09-23T16:39:15+09:00,actions,probe,ICN,KIX,2026-10-13,2026-10-16,True,,2026-10-13,2026-10-16,286069,286069,0,0.0,,1,False,False
2026-09-23T16:39:15+09:00,actions,probe,ICN,NRT,2026-10-13,2026-10-16,True,,2026-10-13,2026-10-16,328046,328046,0,0.0,,1,False,False
2026-09-23T16:39:15+09:00,actions,probe,ICN,CTS,2026-10-13,2026-10-16,True,,2026-10-13,2026-10-16,377700,377700,0,0.0,저가,1,False,False
2026-09-23T16:39:15+09:00,actions,probe,ICN,NGO,2026-10-13,2026-10-16,True,,2026-10-13,2026-10-16,402100,402100,0,0.0,,1,False,False
2026-09-23T16:39:15+09:00,actions,probe,ICN,OKA,2026-10-13,2026-10-16,True,,2026-10-13,2026-10-16,455600,455600,0,0.0,저가,1,False,False
2026-09-23T16:39:15+09:00,actions,probe,ICN,KOJ,2026-10-13,2026-10-16,True,,2026-10-13,2026-10-16,470500,470500,0,0.0,,1,False,False
2026-09-24T13:43:56+09:00,actions,tracker,ICN,KIX,2026-10-04,2026-10-05,True,,2026-10-04,2026-10-05,499790,499790,0,0.0,,1,False,False
2026-09-24T13:43:56+09:00,actions,tracker,ICN,KIX,2026-10-04,2026-10-12,True,,2026-10-04,2026-10-12,460300,460300,0,0.0,,1,False,False
2026-09-24T13:43:56+09:00,actions,tracker,ICN,KIX,2026-10-11,2026-10-12,True,,2026-10-11,2026-10-12,369243,369243,0,0.0,,1,False,False
2026-09-24T13:43:56+09:00,actions,tracker,ICN,KIX,2026-10-11,2026-10-19,True,,2026-10-11,2026-10-19,317700,317700,0,0.0,,1,False,False
2026-09-24T13:43:56+09:00,actions,tracker,ICN,KIX,2026-10-18,2026-10-19,True,,2026-10-18,2026-10-19,365700,365700,0,0.0,,1,False,False
2026-09-24T13:43:56+09:00,actions,tracker,ICN,KIX,2026-10-18,2026-10-26,True,,2026-10-18,2026-10-26,357700,357700,0,0.0,,1,False,False
2026-09-24T13:43:56+09:00,actions,tracker,ICN,KIX,2026-10-25,2026-10-26,True,,2026-10-25,2026-10-26,323700,323700,0,0.0,,1,False,False
2026-09-24T13:43:56+09:00,actions,tracker,ICN,KIX,2026-10-25,2026-11-02,True,,2026-10-25,2026-11-02,316900,316900,0,0.0,,1,False,False
2026-09-24T13:43:56+09:00,actions,tracker,ICN,KIX,2026-11-01,2026-11-02,True,,2026-11-01,2026-11-02,281100,281100,0,0.0,,1,False,False
2026-09-24T13:45:20+09:00,actions,tracker,ICN,FUK,2026-10-04,2026-10-05,True,,2026-10-04,2026-10-05,639500,639500,0,0.0,,1,False,False
2026-09-24T13:45:20+09:00,actions,tracker,ICN,FUK,2026-10-04,2026-10-12,True,,2026-10-04,2026-10-12,412693,412693,0,0.0,,1,False,False
2026-09-24T13:45:20+09:00,actions,tracker,ICN,FUK,2026-10-11,2026-10-12,True,,2026-10-11,2026-10-12,384200,384200,0,0.0,,1,False,False
2026-09-24T13:45:20+09:00,actions,tracker,ICN,FUK,2026-10-11,2026-10-19,True,,2026-10-11,2026-10-19,344200,344200,0,0.0,,1,False,False
2026-09-24T13:45:20+09:00,actions,tracker,ICN,FUK,2026-10-18,2026-10-19,True,,2026-10-18,2026-10-19,375800,375800,0,0.0,,1,False,False
2026-09-24T13:45:20+09:00,actions,tracker,ICN,FUK,2026-10-18,2026-10-26,True,,2026-10-18,2026-10-26,385800,385800,0,0.0,,1,False,False
2026-09-24T13:45:20+09:00,actions,tracker,ICN,FUK,2026-10-25,2026-10-26,True,,2026-10-25,2026-10-26,336600,336600,0,0.0,,1,False,False
2026-09-24T13:45:20+09:00,actions,tracker,ICN,FUK,2026-10-25,2026-11-02,True,,2026-10-25,2026-11-02,336600,336600,0,0.0,,1,False,False
2026-09-24T13:45:20+09:00,actions,tracker,ICN,FUK,2026-11-01,2026-11-02,True,,2026-11-01,2026-11-02,310800,310800,0,0.0,,1,False,False
2026-09-24T16:31:12+09:00,actions,probe,ICN,FUK,2026-10-13,2026-10-16,True,,2026-10-13,2026-10-16,287600,287600,0,0.0,,1,False,False
2026-09-24T16:31:12+09:00,actions,probe,ICN,HND,2026-10-13,2026-10-16,True,,2026-10-13,2026-10-16,540302,540302,0,0.0,,1,False,False
2026-09-24T16:31:12+09:00,actions,probe,ICN,KIX,2026-10-13,2026-10-16,True,,2026-10-13,2026-10-16,269700,269700,0,0.0,저가,1,False,False
2026-09-24T16:31:12+09:00,actions,probe,ICN,NRT,2026-10-13,2026-10-16,True,,2026-10-13,2026-10-16,325900,325900,0,0.0,,1,False,False
2026-09-24T16:31:12+09:00,actions,probe,ICN,CTS,2026-10-13,2026-10-16,True,,2026-10-13,2026-10-16,374600,374600,0,0.0,저가,1,False,False
2026-09-24T16:31:12+09:00,actions,probe,ICN,NGO,2026-10-13,2026-10-16,True,,2026-10-13,2026-10-16,350826,350826,0,0.0,,1,False,False
2026-09-24T16:31:12+09:00,actions,probe,ICN,OKA,2026-10-13,2026-10-16,True,,2026-10-13,2026-10-16,455000,455000,0,0.0,저가,1,False,False
2026-09-24T16:31:12+09:00,actions,probe,ICN,KOJ,2026-10-13,2026-10-16,True,,2026-10-13,2026-10-16,470000,470000,0,0.0,,1,False,False
2026-09-25T13:53:15+09:00,actions,tracker,ICN,KIX,2026-10-04,2026-10-05,True,,2026-10-04,2026-10-05,497036,497036,0,0.0,,1,False,False
2026-09-25T13:53:15+09:00,actions,tracker,ICN,KIX,2026-10-04,2026-10-12,True,,2026-10-04,2026-10-12,449383,449383,0,0.0,,1,False,False
2026-09-25T13:53:15+09:00,actions,tracker,ICN,KIX,2026-10-11,2026-10-12,True,,2026-10-11,2026-10-12,358683,358683,0,0.0,,1,False,False
2026-09-25T13:53:15+09:00,actions,tracker,ICN,KIX,2026-10-11,2026-10-19,True,,2026-10-11,2026-10-19,308883,308883,0,0.0,,1,False,False
2026-09-25T13:53:15+09:00,actions,tracker,ICN,KIX,2026-10-18,2026-10-19,True,,2026-10-18,2026-10-19,366783,366783,0,0.0,,1,False,False
2026-09-25T13:53:15+09:00,actions,tracker,ICN,KIX,2026-10-18,2026-10-26,True,,2026-10-18,2026-10-26,349700,349700,0,0.0,,1,False,False
2026-09-25T13:53:15+09:00,actions,tracker,ICN,KIX,2026-10-25,2026-10-26,True,,2026-10-25,2026-10-26,316196,316196,0,0.0,,1,False,False
2026-09-25T13:53:15+09:00,actions,tracker,ICN,KIX,2026-10-25,2026-11-02,True,,2026-10-25,2026-11-02,308468,308468,0,0.0,,1,False,False
2026-09-25T13:53:15+09:00,actions,tracker,ICN,KIX,2026-11-01,2026-11-02,True,,2026-11-01,2026-11-02,281768,281768,0,0.0,,1,False,False
2026-09-25T13:54:37+09:00,actions,tracker,ICN,FUK,2026-10-04,2026-10-05,True,,2026-10-04,2026-10-05,698300,698300,0,0.0,,1,False,False
2026-09-25T13:54:37+09:00,actions,tracker,ICN,FUK,2026-10-04,2026-10-12,True,,2026-10-04,2026-10-12,401000,401000,0,0.0,,1,False,False
2026-09-25T13:54:37+09:00,actions,tracker,ICN,FUK,2026-10-11,2026-10-12,True,,2026-10-11,2026-10-12,384200,384200,0,0.0,,1,False,False
2026-09-25T13:54:37+09:00,actions,tracker,ICN,FUK,2026-10-11,2026-10-19,True,,2026-10-11,2026-10-19,344200,344200,0,0.0,,1,False,False
2026-09-25T13:54:37+09:00,actions,tracker,ICN,FUK,2026-10-18,2026-10-19,True,,2026-10-18,2026-10-19,391000,391000,0,0.0,,1,False,False
2026-09-25T13:54:37+09:00,actions,tracker,ICN,FUK,2026-10-18,2026-10-26,True,,2026-10-18,2026-10-26,401000,401000,0,0.0,,1,False,False
2026-09-25T13:54:37+09:00,actions,tracker,ICN,FUK,2026-10-25,2026-10-26,True,,2026-10-25,2026-10-26,401000,401000,0,0.0,,1,False,False
2026-09-25T13:54:37+09:00,actions,tracker,ICN,FUK,2026-10-25,2026-11-02,True,,2026-10-25,2026-11-02,381000,381000,0,0.0,,1,False,False
2026-09-25T13:54:37+09:00,actions,tracker,ICN,FUK,2026-11-01,2026-11-02,True,,2026-11-01,2026-11-02,331000,331000,0,0.0,,1,False,False
2026-09-25T16:34:25+09:00,actions,probe,ICN,FUK,2026-10-13,2026-10-16,True,,2026-10-13,2026-10-16,287600,287600,0,0.0,,1,False,False
2026-09-25T16:34:25+09:00,actions,probe,ICN,HND,2026-10-13,2026-10-16,True,,2026-10-13,2026-10-16,534400,534400,0,0.0,,1,False,False
2026-09-25T16:34:25+09:00,actions,probe,ICN,KIX,2026-10-13,2026-10-16,True,,2026-10-13,2026-10-16,257551,257551,0,0.0,저가,1,False,False
2026-09-25T16:34:25+09:00,actions,probe,ICN,NRT,2026-10-13,2026-10-16,True,,2026-10-13,2026-10-16,325900,325900,0,0.0,,1,False,False
2026-09-25T16:34:25+09:00,actions,probe,ICN,CTS,2026-10-13,2026-10-16,True,,2026-10-13,2026-10-16,354600,354600,0,0.0,최저가,1,False,False
2026-09-25T16:34:25+09:00,actions,probe,ICN,NGO,2026-10-13,2026-10-16,True,,2026-10-13,2026-10-16,343300,343300,0,0.0,,1,False,False
2026-09-25T16:34:25+09:00,actions,probe,ICN,OKA,2026-10-13,2026-10-16,True,,2026-10-13,2026-10-16,445000,445000,0,0.0,저가,1,False,False
2026-09-25T16:34:25+09:00,actions,probe,ICN,KOJ,2026-10-13,2026-10-16,True,,2026-10-13,2026-10-16,470000,470000,0,0.0,,1,False,False
2026-09-25T16:34:25+09:00,actions,confirm,ICN,KIX,2026-10-03,2026-10-04,True,,2026-10-03,2026-10-04,368700,368700,0,0.0,,1,False,False
2026-09-25T16:34:25+09:00,actions,confirm,ICN,KIX,2026-10-03,2026-10-11,True,,2026-10-03,2026-10-11,541635,541635,0,0.0,,1,False,False
2026-09-25T16:34:25+09:00,actions,confirm,ICN,KIX,2026-10-10,2026-10-11,True,,2026-10-10,2026-10-11,409700,409700,0,0.0,,1,False,False
2026-09-25T16:34:25+09:00,actions,confirm,ICN,KIX,2026-10-10,2026-10-18,True,,2026-10-10,2026-10-18,362900,362900,0,0.0,,1,False,False
2026-09-25T16:34:25+09:00,actions,confirm,ICN,KIX,2026-10-17,2026-10-18,True,,2026-10-17,2026-10-18,436700,436700,0,0.0,,1,False,False
2026-09-25T16:34:25+09:00,actions,confirm,ICN,KIX,2026-10-17,2026-10-25,True,,2026-10-17,2026-10-25,368075,368075,0,0.0,,1,False,False
2026-09-25T16:34:25+09:00,actions,confirm,ICN,NGO,2026-10-03,2026-10-04,True,,2026-10-03,2026-10-04,443680,443680,0,0.0,,1,False,False
2026-09-25T16:34:25+09:00,actions,confirm,ICN,NGO,2026-10-03,2026-10-11,True,,2026-10-03,2026-10-11,508300,508300,0,0.0,,1,False,False
2026-09-25T16:34:25+09:00,actions,confirm,ICN,NGO,2026-10-10,2026-10-11,True,,2026-10-10,2026-10-11,412300,412300,0,0.0,,1,False,False
2026-09-25T16:34:25+09:00,actions,confirm,ICN,NGO,2026-10-10,2026-10-18,True,,2026-10-10,2026-10-18,367300,367300,0,0.0,,1,False,False
2026-09-25T16:34:25+09:00,actions,confirm,ICN,NGO,2026-10-17,2026-10-18,True,,2026-10-17,2026-10-18,547900,547900,0,0.0,,1,False,False
2026-09-25T16:34:25+09:00,actions,confirm,ICN,NGO,2026-10-17,2026-10-25,True,,2026-10-17,2026-10-25,499500,499500,0,0.0,,1,False,False
2026-09-25T16:34:25+09:00,actions,confirm,ICN,CTS,2026-10-06,2026-10-07,True,,2026-10-06,2026-10-07,301510,301510,0,0.0,저가,1,False,False
2026-09-25T16:34:25+09:00,actions,confirm,ICN,CTS,2026-10-06,2026-10-14,True,,2026-10-06,2026-10-14,408300,408300,0,0.0,,1,False,False
2026-09-25T16:34:25+09:00,actions,confirm,ICN,CTS,2026-10-13,2026-10-14,True,,2026-10-13,2026-10-14,428300,428300,0,0.0,,1,False,False
2026-09-25T16:34:25+09:00,actions,confirm,ICN,CTS,2026-10-13,2026-10-21,True,,2026-10-13,2026-10-21,312686,312686,0,0.0,저가,1,False,False
2026-09-25T16:34:25+09:00,actions,confirm,ICN,CTS,2026-10-20,2026-10-21,True,,2026-10-20,2026-10-21,343300,343300,0,0.0,저가,1,False,False
2026-09-25T16:34:25+09:00,actions,confirm,ICN,CTS,2026-10-20,2026-10-28,True,,2026-10-20,2026-10-28,343300,343300,0,0.0,저가,1,False,False
2026-09-26T13:52:47+09:00,actions,tracker,ICN,KIX,2026-10-04,2026-10-05,True,,2026-10-04,2026-10-05,497982,497982,0,0.0,,1,False,False
2026-09-26T13:52:47+09:00,actions,tracker,ICN,KIX,2026-10-04,2026-10-12,True,,2026-10-04,2026-10-12,450181,450181,0,0.0,,1,False,False
2026-09-26T13:52:47+09:00,actions,tracker,ICN,KIX,2026-10-11,2026-10-12,True,,2026-10-11,2026-10-12,359481,359481,0,0.0,,1,False,False
2026-09-26T13:52:47+09:00,actions,tracker,ICN,KIX,2026-10-11,2026-10-19,True,,2026-10-11,2026-10-19,309527,309527,0,0.0,,1,False,False
2026-09-26T13:52:47+09:00,actions,tracker,ICN,KIX,2026-10-18,2026-10-19,True,,2026-10-18,2026-10-19,367427,367427,0,0.0,,1,False,False
2026-09-26T13:52:47+09:00,actions,tracker,ICN,KIX,2026-10-18,2026-10-26,True,,2026-10-18,2026-10-26,349700,349700,0,0.0,,1,False,False
2026-09-26T13:52:47+09:00,actions,tracker,ICN,KIX,2026-10-25,2026-10-26,True,,2026-10-25,2026-10-26,316784,316784,0,0.0,,1,False,False
2026-09-26T13:52:47+09:00,actions,tracker,ICN,KIX,2026-10-25,2026-11-02,True,,2026-10-25,2026-11-02,323330,323330,0,0.0,,1,False,False
2026-09-26T13:52:47+09:00,actions,tracker,ICN,KIX,2026-11-01,2026-11-02,True,,2026-11-01,2026-11-02,296630,296630,0,0.0,,1,False,False
2026-09-26T13:54:07+09:00,actions,tracker,ICN,FUK,2026-10-04,2026-10-05,True,,2026-10-04,2026-10-05,698400,698400,0,0.0,,1,False,False
2026-09-26T13:54:07+09:00,actions,tracker,ICN,FUK,2026-10-04,2026-10-12,True,,2026-10-04,2026-10-12,381500,381500,0,0.0,,1,False,False
2026-09-26T13:54:07+09:00,actions,tracker,ICN,FUK,2026-10-11,2026-10-12,True,,2026-10-11,2026-10-12,390533,390533,0,0.0,,1,False,False
2026-09-26T13:54:07+09:00,actions,tracker,ICN,FUK,2026-10-11,2026-10-19,True,,2026-10-11,2026-10-19,357000,357000,0,0.0,,1,False,False
2026-09-26T13:54:07+09:00,actions,tracker,ICN,FUK,2026-10-18,2026-10-19,True,,2026-10-18,2026-10-19,391500,391500,0,0.0,,1,False,False
2026-09-26T13:54:07+09:00,actions,tracker,ICN,FUK,2026-10-18,2026-10-26,True,,2026-10-18,2026-10-26,407000,407000,0,0.0,,1,False,False
2026-09-26T13:54:07+09:00,actions,tracker,ICN,FUK,2026-10-25,2026-10-26,True,,2026-10-25,2026-10-26,407000,407000,0,0.0,,1,False,False
2026-09-26T13:54:07+09:00,actions,tracker,ICN,FUK,2026-10-25,2026-11-02,True,,2026-10-25,2026-11-02,381500,381500,0,0.0,,1,False,False
2026-09-26T13:54:07+09:00,actions,tracker,ICN,FUK,2026-11-01,2026-11-02,True,,2026-11-01,2026-11-02,331500,331500,0,0.0,,1,False,False
2026-09-26T16:27:14+09:00,actions,probe,ICN,FUK,2026-10-13,2026-10-16,True,,2026-10-13,2026-10-16,284300,284300,0,0.0,,1,False,False
2026-09-26T16:27:14+09:00,actions,probe,ICN,HND,2026-10-13,2026-10-16,True,,2026-10-13,2026-10-16,534500,534500,0,0.0,,1,False,False
2026-09-26T16:27:14+09:00,actions,probe,ICN,KIX,2026-10-13,2026-10-16,True,,2026-10-13,2026-10-16,270008,270008,0,0.0,,1,False,False
2026-09-26T16:27:14+09:00,actions,probe,ICN,NRT,2026-10-13,2026-10-16,True,,2026-10-13,2026-10-16,313212,313212,0,0.0,,1,False,False
2026-09-26T16:27:14+09:00,actions,probe,ICN,CTS,2026-10-13,2026-10-16,True,,2026-10-13,2026-10-16,354600,354600,0,0.0,최저가,1,False,False
2026-09-26T16:27:14+09:00,actions,probe,ICN,NGO,2026-10-13,2026-10-16,True,,2026-10-13,2026-10-16,300300,300300,0,0.0,,1,False,False
2026-09-26T16:27:14+09:00,actions,probe,ICN,OKA,2026-10-13,2026-10-16,True,,2026-10-13,2026-10-16,445100,445100,0,0.0,저가,1,False,False
2026-09-26T16:27:14+09:00,actions,probe,ICN,KOJ,2026-10-13,2026-10-16,True,,2026-10-13,2026-10-16,470100,470100,0,0.0,,1,False,False
2026-09-26T16:27:14+09:00,actions,confirm,ICN,KIX,2026-10-03,2026-10-04,True,,2026-10-03,2026-10-04,366500,366500,0,0.0,,1,False,False
2026-09-26T16:27:14+09:00,actions,confirm,ICN,KIX,2026-10-03,2026-10-11,True,,2026-10-03,2026-10-11,546916,546916,0,0.0,,1,False,False
2026-09-26T16:27:14+09:00,actions,confirm,ICN,KIX,2026-10-10,2026-10-11,True,,2026-10-10,2026-10-11,429216,429216,0,0.0,,1,False,False
2026-09-26T16:27:14+09:00,actions,confirm,ICN,KIX,2026-10-10,2026-10-18,True,,2026-10-10,2026-10-18,386700,386700,0,0.0,,1,False,False
2026-09-26T16:27:14+09:00,actions,confirm,ICN,KIX,2026-10-17,2026-10-18,True,,2026-10-17,2026-10-18,378865,378865,0,0.0,,1,False,False
2026-09-26T16:27:14+09:00,actions,confirm,ICN,KIX,2026-10-17,2026-10-25,True,,2026-10-17,2026-10-25,368531,368531,0,0.0,,1,False,False
2026-09-26T16:27:14+09:00,actions,confirm,ICN,NGO,2026-10-03,2026-10-04,True,,2026-10-03,2026-10-04,480329,480329,0,0.0,,1,False,False
2026-09-26T16:27:14+09:00,actions,confirm,ICN,NGO,2026-10-03,2026-10-11,True,,2026-10-03,2026-10-11,508300,508300,0,0.0,,1,False,False
2026-09-26T16:27:14+09:00,actions,confirm,ICN,NGO,2026-10-10,2026-10-11,True,,2026-10-10,2026-10-11,412300,412300,0,0.0,,1,False,False
2026-09-26T16:27:14+09:00,actions,confirm,ICN,NGO,2026-10-10,2026-10-18,True,,2026-10-10,2026-10-18,367300,367300,0,0.0,,1,False,False
2026-09-26T16:27:14+09:00,actions,confirm,ICN,NGO,2026-10-17,2026-10-18,True,,2026-10-17,2026-10-18,583300,583300,0,0.0,,1,False,False
2026-09-26T16:27:14+09:00,actions,confirm,ICN,NGO,2026-10-17,2026-10-25,True,,2026-10-17,2026-10-25,500200,500200,0,0.0,,1,False,False
2026-09-26T16:27:14+09:00,actions,confirm,ICN,CTS,2026-10-06,2026-10-07,True,,2026-10-06,2026-10-07,314100,314100,0,0.0,저가,1,False,False
2026-09-26T16:27:14+09:00,actions,confirm,ICN,CTS,2026-10-06,2026-10-14,True,,2026-10-06,2026-10-14,409100,409100,0,0.0,저가,1,False,False
2026-09-26T16:27:14+09:00,actions,confirm,ICN,CTS,2026-10-13,2026-10-14,True,,2026-10-13,2026-10-14,429100,429100,0,0.0,,1,False,False
2026-09-26T16:27:14+09:00,actions,confirm,ICN,CTS,2026-10-13,2026-10-21,True,,2026-10-13,2026-10-21,313058,313058,0,0.0,저가,1,False,False
2026-09-26T16:27:14+09:00,actions,confirm,ICN,CTS,2026-10-20,2026-10-21,True,,2026-10-20,2026-10-21,344100,344100,0,0.0,저가,1,False,False
2026-09-26T16:27:14+09:00,actions,confirm,ICN,CTS,2026-10-20,2026-10-28,True,,2026-10-20,2026-10-28,344100,344100,0,0.0,저가,1,False,False
2026-09-27T14:14:40+09:00,actions,tracker,ICN,KIX,2026-10-04,2026-10-05,True,,2026-10-04,2026-10-05,498177,498177,0,0.0,,1,False,False
2026-09-27T14:14:40+09:00,actions,tracker,ICN,KIX,2026-10-04,2026-10-12,True,,2026-10-04,2026-10-12,440004,440004,0,0.0,,1,False,False
2026-09-27T14:14:40+09:00,actions,tracker,ICN,KIX,2026-10-11,2026-10-12,True,,2026-10-11,2026-10-12,351900,351900,0,0.0,,1,False,False
2026-09-27T14:14:40+09:00,actions,tracker,ICN,KIX,2026-10-11,2026-10-19,True,,2026-10-11,2026-10-19,309660,309660,0,0.0,,1,False,False
2026-09-27T14:14:40+09:00,actions,tracker,ICN,KIX,2026-10-18,2026-10-19,True,,2026-10-18,2026-10-19,367560,367560,0,0.0,,1,False,False
2026-09-27T14:14:40+09:00,actions,tracker,ICN,KIX,2026-10-18,2026-10-26,True,,2026-10-18,2026-10-26,338257,338257,0,0.0,,1,False,False
2026-09-27T14:14:40+09:00,actions,tracker,ICN,KIX,2026-10-25,2026-10-26,True,,2026-10-25,2026-10-26,305357,305357,0,0.0,,1,False,False
2026-09-27T14:14:40+09:00,actions,tracker,ICN,KIX,2026-10-25,2026-11-02,True,,2026-10-25,2026-11-02,323456,323456,0,0.0,,1,False,False
2026-09-27T14:14:40+09:00,actions,tracker,ICN,KIX,2026-11-01,2026-11-02,True,,2026-11-01,2026-11-02,296756,296756,0,0.0,,1,False,False
2026-09-27T14:16:05+09:00,actions,tracker,ICN,FUK,2026-10-04,2026-10-05,True,,2026-10-04,2026-10-05,673600,673600,0,0.0,,1,False,False
2026-09-27T14:16:05+09:00,actions,tracker,ICN,FUK,2026-10-04,2026-10-12,True,,2026-10-04,2026-10-12,391500,391500,0,0.0,,1,False,False
2026-09-27T14:16:05+09:00,actions,tracker,ICN,FUK,2026-10-11,2026-10-12,True,,2026-10-11,2026-10-12,376886,376886,0,0.0,,1,False,False
2026-09-27T14:16:05+09:00,actions,tracker,ICN,FUK,2026-10-11,2026-10-19,True,,2026-10-11,2026-10-19,329600,329600,0,0.0,,1,False,False
2026-09-27T14:16:05+09:00,actions,tracker,ICN,FUK,2026-10-18,2026-10-19,True,,2026-10-18,2026-10-19,391500,391500,0,0.0,,1,False,False
2026-09-27T14:16:05+09:00,actions,tracker,ICN,FUK,2026-10-18,2026-10-26,True,,2026-10-18,2026-10-26,385900,385900,0,0.0,,1,False,False
2026-09-27T14:16:05+09:00,actions,tracker,ICN,FUK,2026-10-25,2026-10-26,True,,2026-10-25,2026-10-26,385900,385900,0,0.0,,1,False,False
2026-09-27T14:16:05+09:00,actions,tracker,ICN,FUK,2026-10-25,2026-11-02,True,,2026-10-25,2026-11-02,381500,381500,0,0.0,,1,False,False
2026-09-27T14:16:05+09:00,actions,tracker,ICN,FUK,2026-11-01,2026-11-02,True,,2026-11-01,2026-11-02,331500,331500,0,0.0,,1,False,False
2026-09-27T16:58:08+09:00,actions,probe,ICN,FUK,2026-10-13,2026-10-16,True,,2026-10-13,2026-10-16,284300,284300,0,0.0,,1,False,False
2026-09-27T16:58:08+09:00,actions,probe,ICN,HND,2026-10-13,2026-10-16,True,,2026-10-13,2026-10-16,490978,490978,0,0.0,저가,1,False,False
2026-09-27T16:58:08+09:00,actions,probe,ICN,KIX,2026-10-13,2026-10-16,True,,2026-10-13,2026-10-16,285649,285649,0,0.0,,1,False,False
2026-09-27T16:58:08+09:00,actions,probe,ICN,NRT,2026-10-13,2026-10-16,True,,2026-10-13,2026-10-16,322824,322824,0,0.0,,1,False,False
2026-09-27T16:58:08+09:00,actions,probe,ICN,CTS,2026-10-13,2026-10-16,True,,2026-10-13,2026-10-16,354600,354600,0,0.0,최저가,1,False,False
2026-09-27T16:58:08+09:00,actions,probe,ICN,NGO,2026-10-13,2026-10-16,True,,2026-10-13,2026-10-16,300300,300300,0,0.0,저가,1,False,False
2026-09-27T16:58:08+09:00,actions,probe,ICN,OKA,2026-10-13,2026-10-16,True,,2026-10-13,2026-10-16,468700,468700,0,0.0,저가,1,False,False
2026-09-27T16:58:08+09:00,actions,probe,ICN,KOJ,2026-10-13,2026-10-16,True,,2026-10-13,2026-10-16,470100,470100,0,0.0,,1,False,False
2026-09-27T16:58:08+09:00,actions,confirm,ICN,KIX,2026-10-03,2026-10-04,True,,2026-10-03,2026-10-04,381900,381900,0,0.0,,1,False,False
2026-09-27T16:58:08+09:00,actions,confirm,ICN,KIX,2026-10-03,2026-10-11,True,,2026-10-03,2026-10-11,556659,556659,0,0.0,,1,False,False
2026-09-27T16:58:08+09:00,actions,confirm,ICN,KIX,2026-10-10,2026-10-11,True,,2026-10-10,2026-10-11,429459,429459,0,0.0,,1,False,False
2026-09-27T16:58:08+09:00,actions,confirm,ICN,KIX,2026-10-10,2026-10-18,True,,2026-10-10,2026-10-18,363615,363615,0,0.0,,1,False,False
2026-09-27T16:58:08+09:00,actions,confirm,ICN,KIX,2026-10-17,2026-10-18,True,,2026-10-17,2026-10-18,436700,436700,0,0.0,,1,False,False
2026-09-27T16:58:08+09:00,actions,confirm,ICN,KIX,2026-10-17,2026-10-25,True,,2026-10-17,2026-10-25,368704,368704,0,0.0,,1,False,False
2026-09-27T16:58:08+09:00,actions,confirm,ICN,NGO,2026-10-03,2026-10-04,True,,2026-10-03,2026-10-04,468300,468300,0,0.0,,1,False,False
2026-09-27T16:58:08+09:00,actions,confirm,ICN,NGO,2026-10-03,2026-10-11,True,,2026-10-03,2026-10-11,597238,597238,0,0.0,,1,False,False
2026-09-27T16:58:08+09:00,actions,confirm,ICN,NGO,2026-10-10,2026-10-11,True,,2026-10-10,2026-10-11,461238,461238,0,0.0,,1,False,False
2026-09-27T16:58:08+09:00,actions,confirm,ICN,NGO,2026-10-10,2026-10-18,True,,2026-10-10,2026-10-18,367300,367300,0,0.0,,1,False,False
2026-09-27T16:58:08+09:00,actions,confirm,ICN,NGO,2026-10-17,2026-10-18,True,,2026-10-17,2026-10-18,568000,568000,0,0.0,,1,False,False
2026-09-27T16:58:08+09:00,actions,confirm,ICN,NGO,2026-10-17,2026-10-25,True,,2026-10-17,2026-10-25,490200,490200,0,0.0,,1,False,False
2026-09-27T16:58:08+09:00,actions,confirm,ICN,CTS,2026-10-06,2026-10-07,True,,2026-10-06,2026-10-07,324100,324100,0,0.0,저가,1,False,False
2026-09-27T16:58:08+09:00,actions,confirm,ICN,CTS,2026-10-06,2026-10-14,True,,2026-10-06,2026-10-14,429100,429100,0,0.0,저가,1,False,False
2026-09-27T16:58:08+09:00,actions,confirm,ICN,CTS,2026-10-13,2026-10-14,True,,2026-10-13,2026-10-14,449100,449100,0,0.0,,1,False,False
2026-09-27T16:58:08+09:00,actions,confirm,ICN,CTS,2026-10-13,2026-10-21,True,,2026-10-13,2026-10-21,313199,313199,0,0.0,저가,1,False,False
2026-09-27T16:58:08+09:00,actions,confirm,ICN,CTS,2026-10-20,2026-10-21,True,,2026-10-20,2026-10-21,344100,344100,0,0.0,저가,1,False,False
2026-09-27T16:58:08+09:00,actions,confirm,ICN,CTS,2026-10-20,2026-10-28,True,,2026-10-20,2026-10-28,344100,344100,0,0.0,저가,1,False,False
2026-09-28T14:18:18+09:00,actions,tracker,ICN,KIX,2026-10-04,2026-10-05,True,,2026-10-04,2026-10-05,527011,527011,0,0.0,,1,False,False
2026-09-28T14:18:18+09:00,actions,tracker,ICN,KIX,2026-10-04,2026-10-12,True,,2026-10-04,2026-10-12,446100,446100,0,0.0,,1,False,False
2026-09-28T14:18:18+09:00,actions,tracker,ICN,KIX,2026-10-11,2026-10-12,True,,2026-10-11,2026-10-12,348758,348758,0,0.0,,1,False,False
2026-09-28T14:18:18+09:00,actions,tracker,ICN,KIX,2026-10-11,2026-10-19,True,,2026-10-11,2026-10-19,321100,321100,0,0.0,,1,False,False
2026-09-28T14:18:18+09:00,actions,tracker,ICN,KIX,2026-10-18,2026-10-19,True,,2026-10-18,2026-10-19,361100,361100,0,0.0,,1,False,False
2026-09-28T14:18:18+09:00,actions,tracker,ICN,KIX,2026-10-18,2026-10-26,True,,2026-10-18,2026-10-26,349902,349902,0,0.0,,1,False,False
2026-09-28T14:18:18+09:00,actions,tracker,ICN,KIX,2026-10-25,2026-10-26,True,,2026-10-25,2026-10-26,317478,317478,0,0.0,,1,False,False
2026-09-28T14:18:18+09:00,actions,tracker,ICN,KIX,2026-10-25,2026-11-02,True,,2026-10-25,2026-11-02,321100,321100,0,0.0,,1,False,False
2026-09-28T14:18:18+09:00,actions,tracker,ICN,KIX,2026-11-01,2026-11-02,True,,2026-11-01,2026-11-02,289786,289786,0,0.0,,1,False,False
2026-09-28T14:19:37+09:00,actions,tracker,ICN,FUK,2026-10-04,2026-10-05,True,,2026-10-04,2026-10-05,845300,845300,0,0.0,,1,False,False
2026-09-28T14:19:37+09:00,actions,tracker,ICN,FUK,2026-10-04,2026-10-12,True,,2026-10-04,2026-10-12,386500,386500,0,0.0,저가,1,False,False
2026-09-28T14:19:37+09:00,actions,tracker,ICN,FUK,2026-10-11,2026-10-12,True,,2026-10-11,2026-10-12,376358,376358,0,0.0,저가,1,False,False
2026-09-28T14:19:37+09:00,actions,tracker,ICN,FUK,2026-10-11,2026-10-19,True,,2026-10-11,2026-10-19,329600,329600,0,0.0,,1,False,False
2026-09-28T14:19:37+09:00,actions,tracker,ICN,FUK,2026-10-18,2026-10-19,True,,2026-10-18,2026-10-19,391500,391500,0,0.0,,1,False,False
2026-09-28T14:19:37+09:00,actions,tracker,ICN,FUK,2026-10-18,2026-10-26,True,,2026-10-18,2026-10-26,397300,397300,0,0.0,,1,False,False
2026-09-28T14:19:37+09:00,actions,tracker,ICN,FUK,2026-10-25,2026-10-26,True,,2026-10-25,2026-10-26,397300,397300,0,0.0,,1,False,False
2026-09-28T14:19:37+09:00,actions,tracker,ICN,FUK,2026-10-25,2026-11-02,True,,2026-10-25,2026-11-02,381500,381500,0,0.0,,1,False,False
2026-09-28T14:19:37+09:00,actions,tracker,ICN,FUK,2026-11-01,2026-11-02,True,,2026-11-01,2026-11-02,290900,290900,0,0.0,,1,False,False
2026-09-28T17:34:22+09:00,actions,probe,ICN,FUK,2026-10-13,2026-10-16,True,,2026-10-13,2026-10-16,286500,286500,0,0.0,,1,False,False
2026-09-28T17:34:22+09:00,actions,probe,ICN,HND,2026-10-13,2026-10-16,True,,2026-10-13,2026-10-16,484500,484500,0,0.0,저가,1,False,False
2026-09-28T17:34:22+09:00,actions,probe,ICN,KIX,2026-10-13,2026-10-16,True,,2026-10-13,2026-10-16,269700,269700,0,0.0,저가,1,False,False
2026-09-28T17:34:22+09:00,actions,probe,ICN,NRT,2026-10-13,2026-10-16,True,,2026-10-13,2026-10-16,288368,288368,0,0.0,,1,False,False
2026-09-28T17:34:22+09:00,actions,probe,ICN,CTS,2026-10-13,2026-10-16,True,,2026-10-13,2026-10-16,380636,380636,0,0.0,저가,1,False,False
2026-09-28T17:34:22+09:00,actions,probe,ICN,NGO,2026-10-13,2026-10-16,True,,2026-10-13,2026-10-16,320300,320300,0,0.0,저가,1,False,False
2026-09-28T17:34:22+09:00,actions,probe,ICN,OKA,2026-10-13,2026-10-16,True,,2026-10-13,2026-10-16,473100,473100,0,0.0,저가,1,False,False
2026-09-28T17:34:22+09:00,actions,probe,ICN,KOJ,2026-10-13,2026-10-16,True,,2026-10-13,2026-10-16,485100,485100,0,0.0,,1,False,False
2026-09-28T17:34:22+09:00,actions,confirm,ICN,NRT,2026-10-09,2026-10-10,True,,2026-10-09,2026-10-10,274068,274068,0,0.0,,1,False,False
2026-09-28T17:34:22+09:00,actions,confirm,ICN,NRT,2026-10-09,2026-10-17,True,,2026-10-09,2026-10-17,225300,225300,0,0.0,최저가,1,False,False
2026-09-28T17:34:22+09:00,actions,confirm,ICN,NRT,2026-10-16,2026-10-17,True,,2026-10-16,2026-10-17,225300,225300,0,0.0,저가,1,False,False
2026-09-28T17:34:22+09:00,actions,confirm,ICN,NRT,2026-10-16,2026-10-24,True,,2026-10-16,2026-10-24,225300,225300,0,0.0,최저가,1,False,False
2026-09-28T17:34:22+09:00,actions,confirm,ICN,NRT,2026-10-23,2026-10-24,True,,2026-10-23,2026-10-24,288368,288368,0,0.0,,1,False,False
2026-09-28T17:34:22+09:00,actions,confirm,ICN,NRT,2026-10-23,2026-10-31,True,,2026-10-23,2026-10-31,225300,225300,0,0.0,최저가,1,False,False
2026-09-29T14:39:53+09:00,actions,tracker,ICN,KIX,2026-10-04,2026-10-05,True,,2026-10-04,2026-10-05,518645,518645,0,0.0,,1,False,False
2026-09-29T14:39:53+09:00,actions,tracker,ICN,KIX,2026-10-04,2026-10-12,True,,2026-10-04,2026-10-12,440167,440167,0,0.0,,1,False,False
2026-09-29T14:39:53+09:00,actions,tracker,ICN,KIX,2026-10-11,2026-10-12,True,,2026-10-11,2026-10-12,361900,361900,0,0.0,,1,False,False
2026-09-29T14:39:53+09:00,actions,tracker,ICN,KIX,2026-10-11,2026-10-19,True,,2026-10-11,2026-10-19,320100,320100,0,0.0,,1,False,False
2026-09-29T14:39:53+09:00,actions,tracker,ICN,KIX,2026-10-18,2026-10-19,True,,2026-10-18,2026-10-19,350100,350100,0,0.0,,1,False,False
2026-09-29T14:39:53+09:00,actions,tracker,ICN,KIX,2026-10-18,2026-10-26,True,,2026-10-18,2026-10-26,350100,350100,0,0.0,,1,False,False
2026-09-29T14:39:53+09:00,actions,tracker,ICN,KIX,2026-10-25,2026-10-26,True,,2026-10-25,2026-10-26,315056,315056,0,0.0,,1,False,False
2026-09-29T14:39:53+09:00,actions,tracker,ICN,KIX,2026-10-25,2026-11-02,True,,2026-10-25,2026-11-02,323249,323249,0,0.0,,1,False,False
2026-09-29T14:39:53+09:00,actions,tracker,ICN,KIX,2026-11-01,2026-11-02,True,,2026-11-01,2026-11-02,286049,286049,0,0.0,,1,False,False
2026-09-29T14:41:14+09:00,actions,tracker,ICN,FUK,2026-10-04,2026-10-05,True,,2026-10-04,2026-10-05,673500,673500,0,0.0,,1,False,False
2026-09-29T14:41:14+09:00,actions,tracker,ICN,FUK,2026-10-04,2026-10-12,True,,2026-10-04,2026-10-12,400505,400505,0,0.0,저가,1,False,False
2026-09-29T14:41:14+09:00,actions,tracker,ICN,FUK,2026-10-11,2026-10-12,True,,2026-10-11,2026-10-12,369505,369505,0,0.0,저가,1,False,False
2026-09-29T14:41:14+09:00,actions,tracker,ICN,FUK,2026-10-11,2026-10-19,True,,2026-10-11,2026-10-19,318623,318623,0,0.0,,1,False,False
2026-09-29T14:41:14+09:00,actions,tracker,ICN,FUK,2026-10-18,2026-10-19,True,,2026-10-18,2026-10-19,390600,390600,0,0.0,,1,False,False
2026-09-29T14:41:14+09:00,actions,tracker,ICN,FUK,2026-10-18,2026-10-26,True,,2026-10-18,2026-10-26,407400,407400,0,0.0,,1,False,False
2026-09-29T14:41:14+09:00,actions,tracker,ICN,FUK,2026-10-25,2026-10-26,True,,2026-10-25,2026-10-26,407600,407600,0,0.0,,1,False,False
2026-09-29T14:41:14+09:00,actions,tracker,ICN,FUK,2026-10-25,2026-11-02,True,,2026-10-25,2026-11-02,385800,385800,0,0.0,,1,False,False
2026-09-29T14:41:14+09:00,actions,tracker,ICN,FUK,2026-11-01,2026-11-02,True,,2026-11-01,2026-11-02,305800,305800,0,0.0,,1,False,False
2026-09-29T17:17:34+09:00,actions,probe,ICN,FUK,2026-10-13,2026-10-16,True,,2026-10-13,2026-10-16,275600,275600,0,0.0,,1,False,False
2026-09-29T17:17:34+09:00,actions,probe,ICN,HND,2026-10-13,2026-10-16,True,,2026-10-13,2026-10-16,484400,484400,0,0.0,저가,1,False,False
2026-09-29T17:17:34+09:00,actions,probe,ICN,KIX,2026-10-13,2026-10-16,True,,2026-10-13,2026-10-16,273579,273579,0,0.0,저가,1,False,False
2026-09-29T17:17:34+09:00,actions,probe,ICN,NRT,2026-10-13,2026-10-16,True,,2026-10-13,2026-10-16,336263,336263,0,0.0,,1,False,False
2026-09-29T17:17:34+09:00,actions,probe,ICN,CTS,2026-10-13,2026-10-16,True,,2026-10-13,2026-10-16,485900,485900,0,0.0,,1,False,False
2026-09-29T17:17:34+09:00,actions,probe,ICN,NGO,2026-10-13,2026-10-16,True,,2026-10-13,2026-10-16,316873,316873,0,0.0,,1,False,False
2026-09-29T17:17:34+09:00,actions,probe,ICN,OKA,2026-10-13,2026-10-16,True,,2026-10-13,2026-10-16,461800,461800,0,0.0,저가,1,False,False
2026-09-29T17:17:34+09:00,actions,probe,ICN,KOJ,2026-10-13,2026-10-16,True,,2026-10-13,2026-10-16,485000,485000,0,0.0,,1,False,False
2026-09-29T17:17:34+09:00,actions,confirm,ICN,KIX,2026-10-03,2026-10-04,True,,2026-10-03,2026-10-04,355700,355700,0,0.0,,1,False,False
2026-09-29T17:17:34+09:00,actions,confirm,ICN,KIX,2026-10-03,2026-10-11,True,,2026-10-03,2026-10-11,567529,567529,0,0.0,,1,False,False
2026-09-29T17:17:34+09:00,actions,confirm,ICN,KIX,2026-10-10,2026-10-11,True,,2026-10-10,2026-10-11,440129,440129,0,0.0,,1,False,False
2026-09-29T17:17:34+09:00,actions,confirm,ICN,KIX,2026-10-10,2026-10-18,True,,2026-10-10,2026-10-18,373800,373800,0,0.0,,1,False,False
2026-09-29T17:17:34+09:00,actions,confirm,ICN,KIX,2026-10-17,2026-10-18,True,,2026-10-17,2026-10-18,423300,423300,0,0.0,,1,False,False
2026-09-29T17:17:34+09:00,actions,confirm,ICN,KIX,2026-10-17,2026-10-25,True,,2026-10-17,2026-10-25,387180,387180,0,0.0,,1,False,False
2026-09-29T17:17:34+09:00,actions,confirm,ICN,OKA,2026-10-06,2026-10-07,True,,2026-10-06,2026-10-07,291949,291949,0,0.0,최저가,1,False,False
2026-09-29T17:17:34+09:00,actions,confirm,ICN,OKA,2026-10-06,2026-10-14,True,,2026-10-06,2026-10-14,383900,383900,0,0.0,저가,1,False,False
2026-09-29T17:17:34+09:00,actions,confirm,ICN,OKA,2026-10-13,2026-10-14,True,,2026-10-13,2026-10-14,391800,391800,0,0.0,저가,1,False,False
2026-09-29T17:17:34+09:00,actions,confirm,ICN,OKA,2026-10-13,2026-10-21,True,,2026-10-13,2026-10-21,301800,301800,0,0.0,최저가,1,False,False
2026-09-29T17:17:34+09:00,actions,confirm,ICN,OKA,2026-10-20,2026-10-21,True,,2026-10-20,2026-10-21,301800,301800,0,0.0,최저가,1,False,False
2026-09-29T17:17:34+09:00,actions,confirm,ICN,OKA,2026-10-20,2026-10-28,True,,2026-10-20,2026-10-28,321800,321800,0,0.0,최저가,1,False,False
2026-09-29T17:17:34+09:00,actions,confirm,ICN,CTS,2026-10-04,2026-10-05,True,,2026-10-04,2026-10-05,663918,663918,0,0.0,,1,False,False
2026-09-29T17:17:34+09:00,actions,confirm,ICN,CTS,2026-10-04,2026-10-12,True,,2026-10-04,2026-10-12,551831,551831,0,0.0,,1,False,False
2026-09-29T17:17:34+09:00,actions,confirm,ICN,CTS,2026-10-11,2026-10-12,True,,2026-10-11,2026-10-12,407831,407831,0,0.0,저가,1,False,False
2026-09-29T17:17:34+09:00,actions,confirm,ICN,CTS,2026-10-11,2026-10-19,True,,2026-10-11,2026-10-19,407700,407700,0,0.0,,1,False,False
2026-09-29T17:17:34+09:00,actions,confirm,ICN,CTS,2026-10-18,2026-10-19,True,,2026-10-18,2026-10-19,457700,457700,0,0.0,,1,False,False
2026-09-29T17:17:34+09:00,actions,confirm,ICN,CTS,2026-10-18,2026-10-26,True,,2026-10-18,2026-10-26,402700,402700,0,0.0,,1,False,False
2026-09-30T14:28:05+09:00,actions,tracker,ICN,KIX,2026-10-04,2026-10-05,True,,2026-10-04,2026-10-05,521811,521811,0,0.0,,1,False,False
2026-09-30T14:28:05+09:00,actions,tracker,ICN,KIX,2026-10-04,2026-10-12,True,,2026-10-04,2026-10-12,428606,428606,0,0.0,,1,False,False
2026-09-30T14:28:05+09:00,actions,tracker,ICN,KIX,2026-10-11,2026-10-12,True,,2026-10-11,2026-10-12,352700,352700,0,0.0,,1,False,False
2026-09-30T14:28:05+09:00,actions,tracker,ICN,KIX,2026-10-11,2026-10-19,True,,2026-10-11,2026-10-19,278865,278865,0,0.0,,1,False,False
2026-09-30T14:28:05+09:00,actions,tracker,ICN,KIX,2026-10-18,2026-10-19,True,,2026-10-18,2026-10-19,329565,329565,0,0.0,,1,False,False
2026-09-30T14:28:05+09:00,actions,tracker,ICN,KIX,2026-10-18,2026-10-26,True,,2026-10-18,2026-10-26,358130,358130,0,0.0,,1,False,False
2026-09-30T14:28:05+09:00,actions,tracker,ICN,KIX,2026-10-25,2026-10-26,True,,2026-10-25,2026-10-26,317700,317700,0,0.0,,1,False,False
2026-09-30T14:28:05+09:00,actions,tracker,ICN,KIX,2026-10-25,2026-11-02,True,,2026-10-25,2026-11-02,312084,312084,0,0.0,,1,False,False
2026-09-30T14:28:05+09:00,actions,tracker,ICN,KIX,2026-11-01,2026-11-02,True,,2026-11-01,2026-11-02,286184,286184,0,0.0,,1,False,False
2026-09-30T14:29:24+09:00,actions,tracker,ICN,FUK,2026-10-04,2026-10-05,True,,2026-10-04,2026-10-05,741900,741900,0,0.0,,1,False,False
2026-09-30T14:29:24+09:00,actions,tracker,ICN,FUK,2026-10-04,2026-10-12,True,,2026-10-04,2026-10-12,400979,400979,0,0.0,저가,1,False,False
2026-09-30T14:29:24+09:00,actions,tracker,ICN,FUK,2026-10-11,2026-10-12,True,,2026-10-11,2026-10-12,375900,375900,0,0.0,,1,False,False
2026-09-30T14:29:24+09:00,actions,tracker,ICN,FUK,2026-10-11,2026-10-19,True,,2026-10-11,2026-10-19,320900,320900,0,0.0,,1,False,False
2026-09-30T14:29:24+09:00,actions,tracker,ICN,FUK,2026-10-18,2026-10-19,True,,2026-10-18,2026-10-19,360900,360900,0,0.0,,1,False,False
2026-09-30T14:29:24+09:00,actions,tracker,ICN,FUK,2026-10-18,2026-10-26,True,,2026-10-18,2026-10-26,385900,385900,0,0.0,,1,False,False
2026-09-30T14:29:24+09:00,actions,tracker,ICN,FUK,2026-10-25,2026-10-26,True,,2026-10-25,2026-10-26,408600,408600,0,0.0,,1,False,False
2026-09-30T14:29:24+09:00,actions,tracker,ICN,FUK,2026-10-25,2026-11-02,True,,2026-10-25,2026-11-02,385900,385900,0,0.0,,1,False,False
2026-09-30T14:29:24+09:00,actions,tracker,ICN,FUK,2026-11-01,2026-11-02,True,,2026-11-01,2026-11-02,305900,305900,0,0.0,,1,False,False
2026-09-30T17:18:08+09:00,actions,probe,ICN,FUK,2026-10-13,2026-10-16,True,,2026-10-13,2026-10-16,265900,265900,0,0.0,저가,1,False,False
2026-09-30T17:18:08+09:00,actions,probe,ICN,HND,2026-10-13,2026-10-16,True,,2026-10-13,2026-10-16,469866,469866,0,0.0,저가,1,False,False
2026-09-30T17:18:08+09:00,actions,probe,ICN,KIX,2026-10-13,2026-10-16,True,,2026-10-13,2026-10-16,283243,283243,0,0.0,,1,False,False
2026-09-30T17:18:08+09:00,actions,probe,ICN,NRT,2026-10-13,2026-10-16,True,,2026-10-13,2026-10-16,322555,322555,0,0.0,,1,False,False
2026-09-30T17:18:08+09:00,actions,probe,ICN,CTS,2026-10-13,2026-10-16,True,,2026-10-13,2026-10-16,486100,486100,0,0.0,,1,False,False
2026-09-30T17:18:08+09:00,actions,probe,ICN,NGO,2026-10-13,2026-10-16,True,,2026-10-13,2026-10-16,330106,330106,0,0.0,저가,1,False,False
2026-09-30T17:18:08+09:00,actions,probe,ICN,OKA,2026-10-13,2026-10-16,True,,2026-10-13,2026-10-16,462300,462300,0,0.0,저가,1,False,False
2026-09-30T17:18:08+09:00,actions,probe,ICN,KOJ,2026-10-13,2026-10-16,True,,2026-10-13,2026-10-16,485100,485100,0,0.0,,1,False,False
2026-09-30T17:18:08+09:00,actions,confirm,ICN,FUK,2026-10-06,2026-10-07,True,,2026-10-06,2026-10-07,214300,214300,0,0.0,최저가,1,False,False
2026-09-30T17:18:08+09:00,actions,confirm,ICN,FUK,2026-10-06,2026-10-14,True,,2026-10-06,2026-10-14,194300,194300,0,0.0,최저가,1,False,False
2026-09-30T17:18:08+09:00,actions,confirm,ICN,FUK,2026-10-13,2026-10-14,True,,2026-10-13,2026-10-14,220900,220900,0,0.0,최저가,1,False,False
2026-09-30T17:18:08+09:00,actions,confirm,ICN,FUK,2026-10-13,2026-10-21,True,,2026-10-13,2026-10-21,244300,244300,0,0.0,저가,1,False,False
2026-09-30T17:18:08+09:00,actions,confirm,ICN,FUK,2026-10-20,2026-10-21,True,,2026-10-20,2026-10-21,241600,241600,0,0.0,최저가,1,False,False
2026-09-30T17:18:08+09:00,actions,confirm,ICN,FUK,2026-10-20,2026-10-28,True,,2026-10-20,2026-10-28,258040,258040,0,0.0,저가,1,False,False
2026-09-30T17:18:08+09:00,actions,confirm,ICN,OKA,2026-10-06,2026-10-07,True,,2026-10-06,2026-10-07,282431,282431,0,0.0,최저가,1,False,False
2026-09-30T17:18:08+09:00,actions,confirm,ICN,OKA,2026-10-06,2026-10-14,True,,2026-10-06,2026-10-14,354700,354700,0,0.0,최저가,1,False,False
2026-09-30T17:18:08+09:00,actions,confirm,ICN,OKA,2026-10-13,2026-10-14,True,,2026-10-13,2026-10-14,377300,377300,0,0.0,최저가,1,False,False
2026-09-30T17:18:08+09:00,actions,confirm,ICN,OKA,2026-10-13,2026-10-21,True,,2026-10-13,2026-10-21,302300,302300,0,0.0,최저가,1,False,False
2026-09-30T17:18:08+09:00,actions,confirm,ICN,OKA,2026-10-20,2026-10-21,True,,2026-10-20,2026-10-21,302300,302300,0,0.0,최저가,1,False,False
2026-09-30T17:18:08+09:00,actions,confirm,ICN,OKA,2026-10-20,2026-10-28,True,,2026-10-20,2026-10-28,322300,322300,0,0.0,최저가,1,False,False
2026-10-01T14:46:57+09:00,actions,tracker,ICN,KIX,2026-10-04,2026-10-05,True,,2026-10-04,2026-10-05,511610,511610,0,0.0,,1,False,False
2026-10-01T14:46:57+09:00,actions,tracker,ICN,KIX,2026-10-04,2026-10-12,True,,2026-10-04,2026-10-12,418999,418999,0,0.0,,1,False,False
2026-10-01T14:46:57+09:00,actions,tracker,ICN,KIX,2026-10-11,2026-10-12,True,,2026-10-11,2026-10-12,358299,358299,0,0.0,,1,False,False
2026-10-01T14:46:57+09:00,actions,tracker,ICN,KIX,2026-10-11,2026-10-19,True,,2026-10-11,2026-10-19,330516,330516,0,0.0,,1,False,False
2026-10-01T14:46:57+09:00,actions,tracker,ICN,KIX,2026-10-18,2026-10-19,True,,2026-10-18,2026-10-19,370816,370816,0,0.0,,1,False,False
2026-10-01T14:46:57+09:00,actions,tracker,ICN,KIX,2026-10-18,2026-10-26,False,price_mismatch,2026-10-18,2026-10-26,329999,354100,-24101,-6.81,,1,True,False
2026-10-01T14:46:57+09:00,actions,tracker,ICN,KIX,2026-10-25,2026-10-26,True,,2026-10-25,2026-10-26,313100,313100,0,0.0,,1,False,False
2026-10-01T14:46:57+09:00,actions,tracker,ICN,KIX,2026-10-25,2026-11-02,True,,2026-10-25,2026-11-02,351900,351900,0,0.0,,1,False,False
2026-10-01T14:46:57+09:00,actions,tracker,ICN,KIX,2026-11-01,2026-11-02,True,,2026-11-01,2026-11-02,297900,297900,0,0.0,,1,False,False
2026-10-01T14:48:19+09:00,actions,tracker,ICN,FUK,2026-10-04,2026-10-05,True,,2026-10-04,2026-10-05,817100,817100,0,0.0,,1,False,False
2026-10-01T14:48:19+09:00,actions,tracker,ICN,FUK,2026-10-04,2026-10-12,True,,2026-10-04,2026-10-12,413800,413800,0,0.0,저가,1,False,False
2026-10-01T14:48:19+09:00,actions,tracker,ICN,FUK,2026-10-11,2026-10-12,True,,2026-10-11,2026-10-12,368800,368800,0,0.0,저가,1,False,False
2026-10-01T14:48:19+09:00,actions,tracker,ICN,FUK,2026-10-11,2026-10-19,True,,2026-10-11,2026-10-19,308600,308600,0,0.0,,1,False,False
2026-10-01T14:48:19+09:00,actions,tracker,ICN,FUK,2026-10-18,2026-10-19,True,,2026-10-18,2026-10-19,368800,368800,0,0.0,,1,False,False
2026-10-01T14:48:19+09:00,actions,tracker,ICN,FUK,2026-10-18,2026-10-26,True,,2026-10-18,2026-10-26,393800,393800,0,0.0,,1,False,False
2026-10-01T14:48:19+09:00,actions,tracker,ICN,FUK,2026-10-25,2026-10-26,True,,2026-10-25,2026-10-26,416366,416366,0,0.0,,1,False,False
2026-10-01T14:48:19+09:00,actions,tracker,ICN,FUK,2026-10-25,2026-11-02,True,,2026-10-25,2026-11-02,388800,388800,0,0.0,,1,False,False
2026-10-01T14:48:19+09:00,actions,tracker,ICN,FUK,2026-11-01,2026-11-02,True,,2026-11-01,2026-11-02,338800,338800,0,0.0,,1,False,False
2026-10-01T17:41:26+09:00,actions,probe,ICN,FUK,2026-11-10,2026-11-13,True,,2026-11-10,2026-11-13,268800,268800,0,0.0,저가,1,False,False
2026-10-01T17:41:26+09:00,actions,probe,ICN,HND,2026-11-10,2026-11-13,True,,2026-11-10,2026-11-13,559000,559000,0,0.0,,1,False,False
2026-10-01T17:41:26+09:00,actions,probe,ICN,KIX,2026-11-10,2026-11-13,True,,2026-11-10,2026-11-13,247400,247400,0,0.0,,1,False,False
2026-10-01T17:41:26+09:00,actions,probe,ICN,NRT,2026-11-10,2026-11-13,True,,2026-11-10,2026-11-13,244749,244749,0,0.0,저가,1,False,False
2026-10-01T17:41:26+09:00,actions,probe,ICN,CTS,2026-11-10,2026-11-13,True,,2026-11-10,2026-11-13,373100,373100,0,0.0,,1,False,False
2026-10-01T17:41:26+09:00,actions,probe,ICN,NGO,2026-11-10,2026-11-13,True,,2026-11-10,2026-11-13,315800,315800,0,0.0,,1,False,False
2026-10-01T17:41:26+09:00,actions,probe,ICN,OKA,2026-11-10,2026-11-13,True,,2026-11-10,2026-11-13,295600,295600,0,0.0,저가,1,False,False
2026-10-01T17:41:26+09:00,actions,probe,ICN,KOJ,2026-11-10,2026-11-13,True,,2026-11-10,2026-11-13,271500,271500,0,0.0,저가,1,False,False
2026-10-01T17:41:26+09:00,actions,confirm,ICN,KIX,2026-11-03,2026-11-04,True,,2026-11-03,2026-11-04,229900,229900,0,0.0,최저가,1,False,False
2026-10-01T17:41:26+09:00,actions,confirm,ICN,KIX,2026-11-03,2026-11-11,True,,2026-11-03,2026-11-11,210900,210900,0,0.0,최저가,1,False,False
2026-10-01T17:41:26+09:00,actions,confirm,ICN,KIX,2026-11-10,2026-11-11,True,,2026-11-10,2026-11-11,208400,208400,0,0.0,최저가,1,False,False
2026-10-01T17:41:26+09:00,actions,confirm,ICN,KIX,2026-11-10,2026-11-18,True,,2026-11-10,2026-11-18,210400,210400,0,0.0,저가,1,False,False
2026-10-01T17:41:26+09:00,actions,confirm,ICN,KIX,2026-11-17,2026-11-18,True,,2026-11-17,2026-11-18,210400,210400,0,0.0,저가,1,False,False
2026-10-01T17:41:26+09:00,actions,confirm,ICN,KIX,2026-11-17,2026-11-25,True,,2026-11-17,2026-11-25,210400,210400,0,0.0,저가,1,False,False
2026-10-01T17:41:26+09:00,actions,confirm,ICN,KOJ,2026-11-03,2026-11-04,True,,2026-11-03,2026-11-04,247500,247500,0,0.0,저가,1,False,False
2026-10-01T17:41:26+09:00,actions,confirm,ICN,KOJ,2026-11-03,2026-11-11,True,,2026-11-03,2026-11-11,239900,239900,0,0.0,저가,1,False,False
2026-10-01T17:41:26+09:00,actions,confirm,ICN,KOJ,2026-11-10,2026-11-11,True,,2026-11-10,2026-11-11,212500,212500,0,0.0,최저가,1,False,False
2026-10-01T17:41:26+09:00,actions,confirm,ICN,KOJ,2026-11-10,2026-11-18,True,,2026-11-10,2026-11-18,212500,212500,0,0.0,최저가,1,False,False
2026-10-01T17:41:26+09:00,actions,confirm,ICN,KOJ,2026-11-17,2026-11-18,True,,2026-11-17,2026-11-18,212500,212500,0,0.0,최저가,1,False,False
2026-10-01T17:41:26+09:00,actions,confirm,ICN,KOJ,2026-11-17,2026-11-25,True,,2026-11-17,2026-11-25,212500,212500,0,0.0,최저가,1,False,False
2026-10-01T17:41:26+09:00,actions,confirm,ICN,NRT,2026-11-03,2026-11-04,True,,2026-11-03,2026-11-04,244749,244749,0,0.0,최저가,1,False,False
2026-10-01T17:41:26+09:00,actions,confirm,ICN,NRT,2026-11-03,2026-11-11,True,,2026-11-03,2026-11-11,243100,243100,0,0.0,최저가,1,False,False
2026-10-01T17:41:26+09:00,actions,confirm,ICN,NRT,2026-11-10,2026-11-11,True,,2026-11-10,2026-11-11,243100,243100,0,0.0,최저가,1,False,False
2026-10-01T17:41:26+09:00,actions,confirm,ICN,NRT,2026-11-10,2026-11-18,True,,2026-11-10,2026-11-18,244749,244749,0,0.0,저가,1,False,False
2026-10-01T17:41:26+09:00,actions,confirm,ICN,NRT,2026-11-17,2026-11-18,True,,2026-11-17,2026-11-18,244749,244749,0,0.0,저가,1,False,False
2026-10-01T17:41:26+09:00,actions,confirm,ICN,NRT,2026-11-17,2026-11-25,True,,2026-11-17,2026-11-25,243100,243100,0,0.0,최저가,1,False,False
2026-10-02T14:31:57+09:00,actions,tracker,ICN,KIX,2026-10-04,2026-10-05,True,,2026-10-04,2026-10-05,511632,511632,0,0.0,,1,False,False
2026-10-02T14:31:57+09:00,actions,tracker,ICN,KIX,2026-10-04,2026-10-12,True,,2026-10-04,2026-10-12,454070,454070,0,0.0,,1,False,False
2026-10-02T14:31:57+09:00,actions,tracker,ICN,KIX,2026-10-11,2026-10-12,True,,2026-10-11,2026-10-12,384670,384670,0,0.0,,1,False,False
2026-10-02T14:31:57+09:00,actions,tracker,ICN,KIX,2026-10-11,2026-10-19,True,,2026-10-11,2026-10-19,327623,327623,0,0.0,,1,False,False
2026-10-02T14:31:57+09:00,actions,tracker,ICN,KIX,2026-10-18,2026-10-19,True,,2026-10-18,2026-10-19,377223,377223,0,0.0,,1,False,False
2026-10-02T14:31:57+09:00,actions,tracker,ICN,KIX,2026-10-18,2026-10-26,True,,2026-10-18,2026-10-26,337703,337703,0,0.0,,1,False,False
2026-10-02T14:31:57+09:00,actions,tracker,ICN,KIX,2026-10-25,2026-10-26,True,,2026-10-25,2026-10-26,317703,317703,0,0.0,,1,False,False
2026-10-02T14:31:57+09:00,actions,tracker,ICN,KIX,2026-10-25,2026-11-02,True,,2026-10-25,2026-11-02,334027,334027,0,0.0,,1,False,False
2026-10-02T14:31:57+09:00,actions,tracker,ICN,KIX,2026-11-01,2026-11-02,True,,2026-11-01,2026-11-02,299427,299427,0,0.0,,1,False,False
2026-10-02T14:33:20+09:00,actions,tracker,ICN,FUK,2026-10-04,2026-10-05,True,,2026-10-04,2026-10-05,539600,539600,0,0.0,,1,False,False
2026-10-02T14:33:20+09:00,actions,tracker,ICN,FUK,2026-10-04,2026-10-12,True,,2026-10-04,2026-10-12,403900,403900,0,0.0,저가,1,False,False
2026-10-02T14:33:20+09:00,actions,tracker,ICN,FUK,2026-10-11,2026-10-12,True,,2026-10-11,2026-10-12,368900,368900,0,0.0,저가,1,False,False
2026-10-02T14:33:20+09:00,actions,tracker,ICN,FUK,2026-10-11,2026-10-19,True,,2026-10-11,2026-10-19,340809,340809,0,0.0,,1,False,False
2026-10-02T14:33:20+09:00,actions,tracker,ICN,FUK,2026-10-18,2026-10-19,True,,2026-10-18,2026-10-19,412400,412400,0,0.0,,1,False,False
2026-10-02T14:33:20+09:00,actions,tracker,ICN,FUK,2026-10-18,2026-10-26,True,,2026-10-18,2026-10-26,393900,393900,0,0.0,,1,False,False
2026-10-02T14:33:20+09:00,actions,tracker,ICN,FUK,2026-10-25,2026-10-26,True,,2026-10-25,2026-10-26,423900,423900,0,0.0,,1,False,False
2026-10-02T14:33:20+09:00,actions,tracker,ICN,FUK,2026-10-25,2026-11-02,True,,2026-10-25,2026-11-02,398900,398900,0,0.0,,1,False,False
2026-10-02T14:33:20+09:00,actions,tracker,ICN,FUK,2026-11-01,2026-11-02,True,,2026-11-01,2026-11-02,348900,348900,0,0.0,,1,False,False
2026-10-02T17:19:16+09:00,actions,probe,ICN,FUK,2026-11-10,2026-11-13,True,,2026-11-10,2026-11-13,268900,268900,0,0.0,저가,1,False,False
2026-10-02T17:19:16+09:00,actions,probe,ICN,HND,2026-11-10,2026-11-13,True,,2026-11-10,2026-11-13,559100,559100,0,0.0,,1,False,False
2026-10-02T17:19:16+09:00,actions,probe,ICN,KIX,2026-11-10,2026-11-13,True,,2026-11-10,2026-11-13,257182,257182,0,0.0,저가,1,False,False
2026-10-02T17:19:16+09:00,actions,probe,ICN,NRT,2026-11-10,2026-11-13,True,,2026-11-10,2026-11-13,295800,295800,0,0.0,,1,False,False
2026-10-02T17:19:16+09:00,actions,probe,ICN,CTS,2026-11-10,2026-11-13,True,,2026-11-10,2026-11-13,373300,373300,0,0.0,,1,False,False
2026-10-02T17:19:16+09:00,actions,probe,ICN,NGO,2026-11-10,2026-11-13,True,,2026-11-10,2026-11-13,316100,316100,0,0.0,,1,False,False
2026-10-02T17:19:16+09:00,actions,probe,ICN,OKA,2026-11-10,2026-11-13,True,,2026-11-10,2026-11-13,277800,277800,0,0.0,저가,1,False,False
2026-10-02T17:19:16+09:00,actions,probe,ICN,KOJ,2026-11-10,2026-11-13,True,,2026-11-10,2026-11-13,306200,306200,0,0.0,저가,1,False,False
2026-10-03T14:13:35+09:00,actions,tracker,ICN,KIX,2026-10-04,2026-10-05,True,,2026-10-04,2026-10-05,535376,535376,0,0.0,,1,False,False
2026-10-03T14:13:35+09:00,actions,tracker,ICN,KIX,2026-10-04,2026-10-12,True,,2026-10-04,2026-10-12,462146,462146,0,0.0,,1,False,False
2026-10-03T14:13:35+09:00,actions,tracker,ICN,KIX,2026-10-11,2026-10-12,True,,2026-10-11,2026-10-12,392146,392146,0,0.0,,1,False,False
2026-10-03T14:13:35+09:00,actions,tracker,ICN,KIX,2026-10-11,2026-10-19,True,,2026-10-11,2026-10-19,325729,325729,0,0.0,,1,False,False
2026-10-03T14:13:35+09:00,actions,tracker,ICN,KIX,2026-10-18,2026-10-19,True,,2026-10-18,2026-10-19,375329,375329,0,0.0,,1,False,False
2026-10-03T14:13:35+09:00,actions,tracker,ICN,KIX,2026-10-18,2026-10-26,True,,2026-10-18,2026-10-26,365452,365452,0,0.0,,1,False,False
2026-10-03T14:13:35+09:00,actions,tracker,ICN,KIX,2026-10-25,2026-10-26,True,,2026-10-25,2026-10-26,345452,345452,0,0.0,,1,False,False
2026-10-03T14:13:35+09:00,actions,tracker,ICN,KIX,2026-10-25,2026-11-02,True,,2026-10-25,2026-11-02,332338,332338,0,0.0,,1,False,False
2026-10-03T14:13:35+09:00,actions,tracker,ICN,KIX,2026-11-01,2026-11-02,True,,2026-11-01,2026-11-02,297738,297738,0,0.0,,1,False,False
2026-10-03T14:14:59+09:00,actions,tracker,ICN,FUK,2026-10-04,2026-10-05,True,,2026-10-04,2026-10-05,606300,606300,0,0.0,,1,False,False
2026-10-03T14:14:59+09:00,actions,tracker,ICN,FUK,2026-10-04,2026-10-12,True,,2026-10-04,2026-10-12,454000,454000,0,0.0,저가,1,False,False
2026-10-03T14:14:59+09:00,actions,tracker,ICN,FUK,2026-10-11,2026-10-12,True,,2026-10-11,2026-10-12,384000,384000,0,0.0,저가,1,False,False
2026-10-03T14:14:59+09:00,actions,tracker,ICN,FUK,2026-10-11,2026-10-19,True,,2026-10-11,2026-10-19,347584,347584,0,0.0,,1,False,False
2026-10-03T14:14:59+09:00,actions,tracker,ICN,FUK,2026-10-18,2026-10-19,True,,2026-10-18,2026-10-19,422000,422000,0,0.0,,1,False,False
2026-10-03T14:14:59+09:00,actions,tracker,ICN,FUK,2026-10-18,2026-10-26,True,,2026-10-18,2026-10-26,409000,409000,0,0.0,,1,False,False
2026-10-03T14:14:59+09:00,actions,tracker,ICN,FUK,2026-10-25,2026-10-26,True,,2026-10-25,2026-10-26,424000,424000,0,0.0,,1,False,False
2026-10-03T14:14:59+09:00,actions,tracker,ICN,FUK,2026-10-25,2026-11-02,True,,2026-10-25,2026-11-02,399000,399000,0,0.0,,1,False,False
2026-10-03T14:14:59+09:00,actions,tracker,ICN,FUK,2026-11-01,2026-11-02,True,,2026-11-01,2026-11-02,349000,349000,0,0.0,,1,False,False
2026-10-03T16:55:36+09:00,actions,probe,ICN,FUK,2026-11-10,2026-11-13,True,,2026-11-10,2026-11-13,269000,269000,0,0.0,,1,False,False
2026-10-03T16:55:36+09:00,actions,probe,ICN,HND,2026-11-10,2026-11-13,True,,2026-11-10,2026-11-13,556200,556200,0,0.0,,1,False,False
2026-10-03T16:55:36+09:00,actions,probe,ICN,KIX,2026-11-10,2026-11-13,True,,2026-11-10,2026-11-13,256454,256454,0,0.0,저가,1,False,False
2026-10-03T16:55:36+09:00,actions,probe,ICN,NRT,2026-11-10,2026-11-13,True,,2026-11-10,2026-11-13,304400,304400,0,0.0,,1,False,False
2026-10-03T16:55:36+09:00,actions,probe,ICN,CTS,2026-11-10,2026-11-13,True,,2026-11-10,2026-11-13,373100,373100,0,0.0,,1,False,False
2026-10-03T16:55:36+09:00,actions,probe,ICN,NGO,2026-11-10,2026-11-13,True,,2026-11-10,2026-11-13,306200,306200,0,0.0,저가,1,False,False
2026-10-03T16:55:36+09:00,actions,probe,ICN,OKA,2026-11-10,2026-11-13,True,,2026-11-10,2026-11-13,278200,278200,0,0.0,저가,1,False,False
2026-10-03T16:55:36+09:00,actions,probe,ICN,KOJ,2026-11-10,2026-11-13,True,,2026-11-10,2026-11-13,296400,296400,0,0.0,저가,1,False,False
2026-10-04T14:47:55+09:00,actions,tracker,ICN,KIX,2026-10-04,2026-10-05,True,,2026-10-04,2026-10-05,586388,586388,0,0.0,,1,False,False
2026-10-04T14:47:55+09:00,actions,tracker,ICN,KIX,2026-10-04,2026-10-12,True,,2026-10-04,2026-10-12,521000,521000,0,0.0,,1,False,False
2026-10-04T14:47:55+09:00,actions,tracker,ICN,KIX,2026-10-11,2026-10-12,True,,2026-10-11,2026-10-12,389231,389231,0,0.0,,1,False,False
2026-10-04T14:47:55+09:00,actions,tracker,ICN,KIX,2026-10-11,2026-10-19,True,,2026-10-11,2026-10-19,316909,316909,0,0.0,,1,False,False
2026-10-04T14:47:55+09:00,actions,tracker,ICN,KIX,2026-10-18,2026-10-19,True,,2026-10-18,2026-10-19,369209,369209,0,0.0,,1,False,False
2026-10-04T14:47:55+09:00,actions,tracker,ICN,KIX,2026-10-18,2026-10-26,True,,2026-10-18,2026-10-26,366656,366656,0,0.0,,1,False,False
2026-10-04T14:47:55+09:00,actions,tracker,ICN,KIX,2026-10-25,2026-10-26,True,,2026-10-25,2026-10-26,346656,346656,0,0.0,,1,False,False
2026-10-04T14:47:55+09:00,actions,tracker,ICN,KIX,2026-10-25,2026-11-02,True,,2026-10-25,2026-11-02,339424,339424,0,0.0,,1,False,False
2026-10-04T14:47:55+09:00,actions,tracker,ICN,KIX,2026-11-01,2026-11-02,True,,2026-11-01,2026-11-02,299824,299824,0,0.0,,1,False,False
2026-10-04T14:49:18+09:00,actions,tracker,ICN,FUK,2026-10-04,2026-10-05,True,,2026-10-04,2026-10-05,2534800,2534800,0,0.0,,1,False,False
2026-10-04T14:49:18+09:00,actions,tracker,ICN,FUK,2026-10-04,2026-10-12,True,,2026-10-04,2026-10-12,720500,720500,0,0.0,,1,False,False
2026-10-04T14:49:18+09:00,actions,tracker,ICN,FUK,2026-10-11,2026-10-12,True,,2026-10-11,2026-10-12,389960,389960,0,0.0,,1,False,False
2026-10-04T14:49:18+09:00,actions,tracker,ICN,FUK,2026-10-11,2026-10-19,True,,2026-10-11,2026-10-19,347417,347417,0,0.0,,1,False,False
2026-10-04T14:49:18+09:00,actions,tracker,ICN,FUK,2026-10-18,2026-10-19,True,,2026-10-18,2026-10-19,421800,421800,0,0.0,,1,False,False
2026-10-04T14:49:18+09:00,actions,tracker,ICN,FUK,2026-10-18,2026-10-26,True,,2026-10-18,2026-10-26,409000,409000,0,0.0,,1,False,False
2026-10-04T14:49:18+09:00,actions,tracker,ICN,FUK,2026-10-25,2026-10-26,True,,2026-10-25,2026-10-26,424000,424000,0,0.0,,1,False,False
2026-10-04T14:49:18+09:00,actions,tracker,ICN,FUK,2026-10-25,2026-11-02,True,,2026-10-25,2026-11-02,399000,399000,0,0.0,,1,False,False
2026-10-04T14:49:18+09:00,actions,tracker,ICN,FUK,2026-11-01,2026-11-02,True,,2026-11-01,2026-11-02,349000,349000,0,0.0,,1,False,False
2026-10-04T17:17:31+09:00,actions,probe,ICN,FUK,2026-11-10,2026-11-13,True,,2026-11-10,2026-11-13,269000,269000,0,0.0,,1,False,False
2026-10-04T17:17:31+09:00,actions,probe,ICN,HND,2026-11-10,2026-11-13,True,,2026-11-10,2026-11-13,559000,559000,0,0.0,,1,False,False
2026-10-04T17:17:31+09:00,actions,probe,ICN,KIX,2026-11-10,2026-11-13,True,,2026-11-10,2026-11-13,268023,268023,0,0.0,저가,1,False,False
2026-10-04T17:17:31+09:00,actions,probe,ICN,NRT,2026-11-10,2026-11-13,True,,2026-11-10,2026-11-13,298364,298364,0,0.0,,1,False,False
2026-10-04T17:17:31+09:00,actions,probe,ICN,CTS,2026-11-10,2026-11-13,True,,2026-11-10,2026-11-13,373100,373100,0,0.0,,1,False,False
2026-10-04T17:17:31+09:00,actions,probe,ICN,NGO,2026-11-10,2026-11-13,True,,2026-11-10,2026-11-13,316200,316200,0,0.0,,1,False,False
2026-10-04T17:17:31+09:00,actions,probe,ICN,OKA,2026-11-10,2026-11-13,True,,2026-11-10,2026-11-13,278200,278200,0,0.0,저가,1,False,False
2026-10-04T17:17:31+09:00,actions,probe,ICN,KOJ,2026-11-10,2026-11-13,True,,2026-11-10,2026-11-13,316400,316400,0,0.0,저가,1,False,False
2026-10-05T14:33:04+09:00,actions,tracker,ICN,KIX,2026-10-04,2026-10-05,False,anchor_mismatch,2026-10-05,2026-10-09,426344,426344,0,0.0,,1,True,False
2026-10-05T14:33:04+09:00,actions,tracker,ICN,KIX,2026-10-04,2026-10-12,False,anchor_mismatch,2026-10-05,2026-10-12,432819,432819,0,0.0,,1,True,False
2026-10-05T14:33:04+09:00,actions,tracker,ICN,KIX,2026-10-11,2026-10-12,True,,2026-10-11,2026-10-12,397319,397319,0,0.0,,1,False,False
2026-10-05T14:33:04+09:00,actions,tracker,ICN,KIX,2026-10-11,2026-10-19,True,,2026-10-11,2026-10-19,307855,307855,0,0.0,,1,False,False
2026-10-05T14:33:04+09:00,actions,tracker,ICN,KIX,2026-10-18,2026-10-19,True,,2026-10-18,2026-10-19,352455,352455,0,0.0,,1,False,False
2026-10-05T14:33:04+09:00,actions,tracker,ICN,KIX,2026-10-18,2026-10-26,True,,2026-10-18,2026-10-26,306786,306786,0,0.0,,1,False,False
2026-10-05T14:33:04+09:00,actions,tracker,ICN,KIX,2026-10-25,2026-10-26,True,,2026-10-25,2026-10-26,286786,286786,0,0.0,,1,False,False
2026-10-05T14:33:04+09:00,actions,tracker,ICN,KIX,2026-10-25,2026-11-02,True,,2026-10-25,2026-11-02,349496,349496,0,0.0,,1,False,False
2026-10-05T14:33:04+09:00,actions,tracker,ICN,KIX,2026-11-01,2026-11-02,True,,2026-11-01,2026-11-02,319896,319896,0,0.0,,1,False,False
2026-10-05T14:34:25+09:00,actions,tracker,ICN,FUK,2026-10-04,2026-10-05,False,anchor_mismatch,2026-10-05,2026-10-09,364000,364000,0,0.0,,1,True,False
2026-10-05T14:34:25+09:00,actions,tracker,ICN,FUK,2026-10-04,2026-10-12,False,anchor_mismatch,2026-10-05,2026-10-12,364000,364000,0,0.0,,1,True,False
2026-10-05T14:34:25+09:00,actions,tracker,ICN,FUK,2026-10-11,2026-10-12,True,,2026-10-11,2026-10-12,369000,369000,0,0.0,,1,False,False
2026-10-05T14:34:25+09:00,actions,tracker,ICN,FUK,2026-10-11,2026-10-19,True,,2026-10-11,2026-10-19,308600,308600,0,0.0,,1,False,False
2026-10-05T14:34:25+09:00,actions,tracker,ICN,FUK,2026-10-18,2026-10-19,True,,2026-10-18,2026-10-19,388600,388600,0,0.0,,1,False,False
2026-10-05T14:34:25+09:00,actions,tracker,ICN,FUK,2026-10-18,2026-10-26,True,,2026-10-18,2026-10-26,374000,374000,0,0.0,,1,False,False
2026-10-05T14:34:25+09:00,actions,tracker,ICN,FUK,2026-10-25,2026-10-26,True,,2026-10-25,2026-10-26,424000,424000,0,0.0,,1,False,False
2026-10-05T14:34:25+09:00,actions,tracker,ICN,FUK,2026-10-25,2026-11-02,True,,2026-10-25,2026-11-02,399000,399000,0,0.0,,1,False,False
2026-10-05T14:34:25+09:00,actions,tracker,ICN,FUK,2026-11-01,2026-11-02,True,,2026-11-01,2026-11-02,349000,349000,0,0.0,,1,False,False
2026-10-05T17:49:01+09:00,actions,probe,ICN,FUK,2026-11-10,2026-11-13,True,,2026-11-10,2026-11-13,267409,267409,0,0.0,저가,1,False,False
2026-10-05T17:49:01+09:00,actions,probe,ICN,HND,2026-11-10,2026-11-13,True,,2026-11-10,2026-11-13,552900,552900,0,0.0,,1,False,False
2026-10-05T17:49:01+09:00,actions,probe,ICN,KIX,2026-11-10,2026-11-13,True,,2026-11-10,2026-11-13,268261,268261,0,0.0,저가,1,False,False
2026-10-05T17:49:01+09:00,actions,probe,ICN,NRT,2026-11-10,2026-11-13,True,,2026-11-10,2026-11-13,307140,307140,0,0.0,,1,False,False
2026-10-05T17:49:01+09:00,actions,probe,ICN,CTS,2026-11-10,2026-11-13,True,,2026-11-10,2026-11-13,373100,373100,0,0.0,,1,False,False
2026-10-05T17:49:01+09:00,actions,probe,ICN,NGO,2026-11-10,2026-11-13,True,,2026-11-10,2026-11-13,326200,326200,0,0.0,,1,False,False
2026-10-05T17:49:01+09:00,actions,probe,ICN,OKA,2026-11-10,2026-11-13,True,,2026-11-10,2026-11-13,278200,278200,0,0.0,저가,1,False,False
2026-10-05T17:49:01+09:00,actions,probe,ICN,KOJ,2026-11-10,2026-11-13,True,,2026-11-10,2026-11-13,316400,316400,0,0.0,,1,False,False
2026-10-06T15:15:34+09:00,actions,tracker,ICN,KIX,2026-10-04,2026-10-12,False,anchor_mismatch,2026-10-06,2026-10-12,401563,401563,0,0.0,,1,True,False
2026-10-06T15:15:34+09:00,actions,tracker,ICN,KIX,2026-10-11,2026-10-12,True,,2026-10-11,2026-10-12,394863,394863,0,0.0,,1,False,False
2026-10-06T15:15:34+09:00,actions,tracker,ICN,KIX,2026-10-11,2026-10-19,True,,2026-10-11,2026-10-19,322715,322715,0,0.0,,1,False,False
2026-10-06T15:15:34+09:00,actions,tracker,ICN,KIX,2026-10-18,2026-10-19,True,,2026-10-18,2026-10-19,386900,386900,0,0.0,,1,False,False
2026-10-06T15:15:34+09:00,actions,tracker,ICN,KIX,2026-10-18,2026-10-26,True,,2026-10-18,2026-10-26,366791,366791,0,0.0,,1,False,False
2026-10-06T15:15:34+09:00,actions,tracker,ICN,KIX,2026-10-25,2026-10-26,True,,2026-10-25,2026-10-26,338991,338991,0,0.0,,1,False,False
2026-10-06T15:15:34+09:00,actions,tracker,ICN,KIX,2026-10-25,2026-11-02,True,,2026-10-25,2026-11-02,366900,366900,0,0.0,,1,False,False
2026-10-06T15:15:34+09:00,actions,tracker,ICN,KIX,2026-11-01,2026-11-02,True,,2026-11-01,2026-11-02,319115,319115,0,0.0,,1,False,False
2026-10-06T15:17:18+09:00,actions,tracker,ICN,FUK,2026-10-04,2026-10-12,False,anchor_mismatch,2026-10-06,2026-10-12,352400,352400,0,0.0,,1,True,False
2026-10-06T15:17:18+09:00,actions,tracker,ICN,FUK,2026-10-11,2026-10-12,True,,2026-10-11,2026-10-12,377400,377400,0,0.0,,1,False,False
2026-10-06T15:17:18+09:00,actions,tracker,ICN,FUK,2026-10-11,2026-10-19,True,,2026-10-11,2026-10-19,354672,354672,0,0.0,,1,False,False
2026-10-06T15:17:18+09:00,actions,tracker,ICN,FUK,2026-10-18,2026-10-19,True,,2026-10-18,2026-10-19,435200,435200,0,0.0,,1,False,False
2026-10-06T15:17:18+09:00,actions,tracker,ICN,FUK,2026-10-18,2026-10-26,True,,2026-10-18,2026-10-26,404200,404200,0,0.0,,1,False,False
2026-10-06T15:17:18+09:00,actions,tracker,ICN,FUK,2026-10-25,2026-10-26,True,,2026-10-25,2026-10-26,450200,450200,0,0.0,,1,False,False
2026-10-06T15:17:18+09:00,actions,tracker,ICN,FUK,2026-10-25,2026-11-02,True,,2026-10-25,2026-11-02,412400,412400,0,0.0,,1,False,False
2026-10-06T15:17:18+09:00,actions,tracker,ICN,FUK,2026-11-01,2026-11-02,True,,2026-11-01,2026-11-02,347400,347400,0,0.0,,1,False,False
2026-10-06T17:51:11+09:00,actions,probe,ICN,FUK,2026-11-10,2026-11-13,True,,2026-11-10,2026-11-13,266451,266451,0,0.0,저가,1,False,False
2026-10-06T17:51:11+09:00,actions,probe,ICN,HND,2026-11-10,2026-11-13,True,,2026-11-10,2026-11-13,552900,552900,0,0.0,,1,False,False
2026-10-06T17:51:11+09:00,actions,probe,ICN,KIX,2026-11-10,2026-11-13,True,,2026-11-10,2026-11-13,267299,267299,0,0.0,저가,1,False,False
2026-10-06T17:51:11+09:00,actions,probe,ICN,NRT,2026-11-10,2026-11-13,True,,2026-11-10,2026-11-13,295700,295700,0,0.0,,1,False,False
2026-10-06T17:51:11+09:00,actions,probe,ICN,CTS,2026-11-10,2026-11-13,True,,2026-11-10,2026-11-13,372600,372600,0,0.0,,1,False,False
2026-10-06T17:51:11+09:00,actions,probe,ICN,NGO,2026-11-10,2026-11-13,True,,2026-11-10,2026-11-13,324000,324000,0,0.0,,1,False,False
2026-10-06T17:51:11+09:00,actions,probe,ICN,OKA,2026-11-10,2026-11-13,True,,2026-11-10,2026-11-13,286108,286108,0,0.0,저가,1,False,False
2026-10-06T17:51:11+09:00,actions,probe,ICN,KOJ,2026-11-10,2026-11-13,True,,2026-11-10,2026-11-13,316400,316400,0,0.0,저가,1,False,False
2026-10-07T14:53:30+09:00,actions,tracker,ICN,KIX,2026-10-04,2026-10-12,False,anchor_mismatch,2026-10-07,2026-10-12,461800,461800,0,0.0,,1,True,False
2026-10-07T14:53:30+09:00,actions,tracker,ICN,KIX,2026-10-11,2026-10-12,True,,2026-10-11,2026-10-12,433795,433795,0,0.0,,1,False,False
2026-10-07T14:53:30+09:00,actions,tracker,ICN,KIX,2026-10-11,2026-10-19,True,,2026-10-11,2026-10-19,349340,349340,0,0.0,,1,False,False
2026-10-07T14:53:30+09:00,actions,tracker,ICN,KIX,2026-10-18,2026-10-19,True,,2026-10-18,2026-10-19,396800,396800,0,0.0,,1,False,False
2026-10-07T14:53:30+09:00,actions,tracker,ICN,KIX,2026-10-18,2026-10-26,True,,2026-10-18,2026-10-26,373966,373966,0,0.0,,1,False,False
2026-10-07T14:53:30+09:00,actions,tracker,ICN,KIX,2026-10-25,2026-10-26,True,,2026-10-25,2026-10-26,343966,343966,0,0.0,,1,False,False
2026-10-07T14:53:30+09:00,actions,tracker,ICN,KIX,2026-10-25,2026-11-02,True,,2026-10-25,2026-11-02,353679,353679,0,0.0,,1,False,False
2026-10-07T14:53:30+09:00,actions,tracker,ICN,KIX,2026-11-01,2026-11-02,True,,2026-11-01,2026-11-02,317679,317679,0,0.0,,1,False,False
2026-10-07T14:55:18+09:00,actions,tracker,ICN,FUK,2026-10-04,2026-10-12,False,anchor_mismatch,2026-10-07,2026-10-12,363910,363910,0,0.0,저가,1,True,False
2026-10-07T14:55:18+09:00,actions,tracker,ICN,FUK,2026-10-11,2026-10-12,True,,2026-10-11,2026-10-12,355010,355010,0,0.0,저가,1,False,False
2026-10-07T14:55:18+09:00,actions,tracker,ICN,FUK,2026-10-11,2026-10-19,True,,2026-10-11,2026-10-19,282400,282400,0,0.0,,1,False,False
2026-10-07T14:55:18+09:00,actions,tracker,ICN,FUK,2026-10-18,2026-10-19,True,,2026-10-18,2026-10-19,347400,347400,0,0.0,,1,False,False
2026-10-07T14:55:18+09:00,actions,tracker,ICN,FUK,2026-10-18,2026-10-26,True,,2026-10-18,2026-10-26,387400,387400,0,0.0,,1,False,False
2026-10-07T14:55:18+09:00,actions,tracker,ICN,FUK,2026-10-25,2026-10-26,True,,2026-10-25,2026-10-26,443428,443428,0,0.0,,1,False,False
2026-10-07T14:55:18+09:00,actions,tracker,ICN,FUK,2026-10-25,2026-11-02,True,,2026-10-25,2026-11-02,412400,412400,0,0.0,,1,False,False
2026-10-07T14:55:18+09:00,actions,tracker,ICN,FUK,2026-11-01,2026-11-02,True,,2026-11-01,2026-11-02,347400,347400,0,0.0,,1,False,False
2026-10-07T17:29:55+09:00,actions,probe,ICN,FUK,2026-11-10,2026-11-13,True,,2026-11-10,2026-11-13,272400,272400,0,0.0,저가,1,False,False
2026-10-07T17:29:55+09:00,actions,probe,ICN,HND,2026-11-10,2026-11-13,True,,2026-11-10,2026-11-13,545600,545600,0,0.0,,1,False,False
2026-10-07T17:29:55+09:00,actions,probe,ICN,KIX,2026-11-10,2026-11-13,True,,2026-11-10,2026-11-13,283785,283785,0,0.0,,1,False,False
2026-10-07T17:29:55+09:00,actions,probe,ICN,NRT,2026-11-10,2026-11-13,True,,2026-11-10,2026-11-13,305798,305798,0,0.0,,1,False,False
2026-10-07T17:29:55+09:00,actions,probe,ICN,CTS,2026-11-10,2026-11-13,True,,2026-11-10,2026-11-13,354394,354394,0,0.0,,1,False,False
2026-10-07T17:29:55+09:00,actions,probe,ICN,NGO,2026-11-10,2026-11-13,True,,2026-11-10,2026-11-13,324000,324000,0,0.0,,1,False,False
2026-10-07T17:29:55+09:00,actions,probe,ICN,OKA,2026-11-10,2026-11-13,True,,2026-11-10,2026-11-13,289962,289962,0,0.0,저가,1,False,False
2026-10-07T17:29:55+09:00,actions,probe,ICN,KOJ,2026-11-10,2026-11-13,True,,2026-11-10,2026-11-13,346400,346400,0,0.0,,1,False,False
2026-10-08T14:57:20+09:00,actions,tracker,ICN,KIX,2026-10-04,2026-10-12,False,anchor_mismatch,2026-10-08,2026-10-12,486200,486200,0,0.0,,1,True,False
2026-10-08T14:57:20+09:00,actions,tracker,ICN,KIX,2026-10-11,2026-10-12,True,,2026-10-11,2026-10-12,380457,380457,0,0.0,저가,1,False,False
2026-10-08T14:57:20+09:00,actions,tracker,ICN,KIX,2026-10-11,2026-10-19,True,,2026-10-11,2026-10-19,318379,318379,0,0.0,,1,False,False
2026-10-08T14:57:20+09:00,actions,tracker,ICN,KIX,2026-10-18,2026-10-19,True,,2026-10-18,2026-10-19,377979,377979,0,0.0,,1,False,False
2026-10-08T14:57:20+09:00,actions,tracker,ICN,KIX,2026-10-18,2026-10-26,True,,2026-10-18,2026-10-26,358527,358527,0,0.0,,1,False,False
2026-10-08T14:57:20+09:00,actions,tracker,ICN,KIX,2026-10-25,2026-10-26,True,,2026-10-25,2026-10-26,344227,344227,0,0.0,,1,False,False
2026-10-08T14:57:20+09:00,actions,tracker,ICN,KIX,2026-10-25,2026-11-02,True,,2026-10-25,2026-11-02,373321,373321,0,0.0,,1,False,False
2026-10-08T14:57:20+09:00,actions,tracker,ICN,KIX,2026-11-01,2026-11-02,True,,2026-11-01,2026-11-02,338021,338021,0,0.0,,1,False,False
2026-10-08T14:59:03+09:00,actions,tracker,ICN,FUK,2026-10-04,2026-10-12,False,anchor_mismatch,2026-10-08,2026-10-12,568200,568200,0,0.0,저가,1,True,False
2026-10-08T14:59:03+09:00,actions,tracker,ICN,FUK,2026-10-11,2026-10-12,True,,2026-10-11,2026-10-12,376800,376800,0,0.0,저가,1,False,False
2026-10-08T14:59:03+09:00,actions,tracker,ICN,FUK,2026-10-11,2026-10-19,True,,2026-10-11,2026-10-19,271800,271800,0,0.0,저가,1,False,False
2026-10-08T14:59:03+09:00,actions,tracker,ICN,FUK,2026-10-18,2026-10-19,True,,2026-10-18,2026-10-19,336800,336800,0,0.0,,1,False,False
2026-10-08T14:59:03+09:00,actions,tracker,ICN,FUK,2026-10-18,2026-10-26,True,,2026-10-18,2026-10-26,386800,386800,0,0.0,,1,False,False
2026-10-08T14:59:03+09:00,actions,tracker,ICN,FUK,2026-10-25,2026-10-26,True,,2026-10-25,2026-10-26,421800,421800,0,0.0,,1,False,False
2026-10-08T14:59:03+09:00,actions,tracker,ICN,FUK,2026-10-25,2026-11-02,True,,2026-10-25,2026-11-02,381800,381800,0,0.0,,1,False,False
2026-10-08T14:59:03+09:00,actions,tracker,ICN,FUK,2026-11-01,2026-11-02,True,,2026-11-01,2026-11-02,356800,356800,0,0.0,,1,False,False
